Hogar;Fecha Inicio;Fecha Fin;Obs;En Darklist?;Puede Cambiar?;Log;Cerramiento<>Propduccion;Cambio Realizado
12066,2018-01-15,2018-01-17,"atipico",false,No permitido cambios,null,null,null
100001,2017-03-09,2017-03-09,"100% PC",false,No permitido cambios,null,null,null
100001,2017-03-13,2017-03-17,"100% PC",false,No permitido cambios,null,null,null
100001,2017-04-24,2017-04-24,"prueba",false,No permitido cambios,null,null,null
100001,2017-08-29,2017-08-29,"atipico",false,No permitido cambios,null,null,null
100009,2018-10-29,2018-10-30,"atipico",false,No permitido cambios,null,null,null
100021,2017-08-14,2017-08-14,"atipico",false,No permitido cambios,null,null,null
100023,2018-10-29,2018-10-30,"atipico",false,No permitido cambios,null,null,null
100024,2017-06-15,2017-06-16,"",false,No permitido cambios,null,null,null
100024,2017-06-20,2017-06-22,"",false,No permitido cambios,null,null,null
100024,2017-08-10,2017-08-12,"atipico",false,No permitido cambios,null,null,null
100024,2017-08-14,2017-08-14,"atipico",false,No permitido cambios,null,null,null
100032,2018-03-16,2018-03-18,"atipico",false,No permitido cambios,null,null,null
100033,2018-08-06,2018-08-07,"atipico",false,No permitido cambios,null,null,null
100033,2018-08-08,2018-08-08,"atipico",false,No permitido cambios,null,null,null
100033,2018-08-17,2018-08-18,"atipico",false,No permitido cambios,null,null,null
100033,2018-08-20,2018-08-20,"atipico",false,No permitido cambios,null,null,null
100034,2017-08-23,2017-08-23,"atipico",false,No permitido cambios,null,null,null
100034,2018-08-20,2018-08-20,"atipico",false,No permitido cambios,null,null,null
100037,2017-05-15,2017-05-15,"PRUEBA",false,No permitido cambios,null,null,null
100038,2017-05-21,2017-05-21,"",false,No permitido cambios,null,null,null
100038,2017-06-04,2017-06-04,"",false,No permitido cambios,null,null,null
100038,2017-07-21,2017-07-21,"atipico",false,No permitido cambios,null,null,null
100038,2017-07-29,2017-07-29,"atipico",false,No permitido cambios,null,null,null
100038,2017-08-03,2017-08-03,"atipico",false,No permitido cambios,null,null,null
100038,2017-08-26,2017-08-27,"atipico",false,No permitido cambios,null,null,null
100038,2017-09-13,2017-09-13,"atipico",false,No permitido cambios,null,null,null
100038,2017-10-24,2017-10-24,"atipico",false,No permitido cambios,null,null,null
100038,2017-10-31,2017-10-31,"atipico",false,No permitido cambios,null,null,null
100039,2017-11-18,2017-11-18,"atipico",false,No permitido cambios,null,null,null
100040,2017-12-01,2017-12-01,"atipico",false,No permitido cambios,null,null,null
100040,2018-04-25,2018-04-26,"atipico",false,No permitido cambios,null,null,null
100043,2017-03-11,2017-03-12,"descalibrado",false,No permitido cambios,null,null,null
100046,2017-04-05,2017-04-06,"atipico",false,No permitido cambios,null,null,null
100046,2018-01-18,2018-01-18,"atipico",false,No permitido cambios,null,null,null
100049,2017-05-18,2017-05-18,"Atipico",false,No permitido cambios,null,null,null
100049,2019-01-10,2019-01-10,"atipico",false,No permitido cambios,null,null,null
100050,2018-05-08,2018-05-08,"atipico",false,No permitido cambios,null,null,null
100050,2018-05-09,2018-05-09,"atipico",false,No permitido cambios,null,null,null
100050,2018-08-16,2018-08-16,"atipico",false,No permitido cambios,null,null,null
100056,2018-01-16,2018-01-16,"atipico",false,No permitido cambios,null,null,null
100061,2017-05-31,2017-05-31,"",false,No permitido cambios,null,null,null
100061,2017-06-05,2017-06-06,"atï¿½pico",false,No permitido cambios,null,null,null
100061,2017-07-29,2017-07-29,"atipico",false,No permitido cambios,null,null,null
100061,2017-08-03,2017-08-03,"atipico",false,No permitido cambios,null,null,null
100061,2017-08-15,2017-08-15,"atipico",false,No permitido cambios,null,null,null
100061,2017-11-05,2017-11-05,"",false,No permitido cambios,null,null,null
100061,2017-11-22,2017-11-22,"atipico",false,No permitido cambios,null,null,null
100066,2017-02-01,2017-02-02,"descalibrado",false,No permitido cambios,null,null,null
100066,2018-01-16,2018-01-16,"atipico",false,No permitido cambios,null,null,null
100066,2018-01-17,2018-01-17,"atipico",false,No permitido cambios,null,null,null
100067,2017-12-04,2017-12-04,"atipico",false,No permitido cambios,null,null,null
100067,2018-05-15,2018-05-15,"atipico",false,No permitido cambios,null,null,null
100070,2017-08-17,2017-08-18,"atipico",false,No permitido cambios,null,null,null
100072,2018-01-25,2018-01-25,"atipico",false,No permitido cambios,null,null,null
100072,2018-01-26,2018-01-28,"atipico",false,No permitido cambios,null,null,null
100072,2018-01-29,2018-01-29,"atipico",false,No permitido cambios,null,null,null
100072,2018-01-30,2018-01-30,"atipico",false,No permitido cambios,null,null,null
100072,2018-03-05,2018-03-05,"atipico",false,No permitido cambios,null,null,null
100072,2018-03-09,2018-03-09,"atipico",false,No permitido cambios,null,null,null
100072,2018-06-19,2018-06-19,"atípico",false,No permitido cambios,null,null,null
100072,2018-06-28,2018-07-01,"atípico",false,No permitido cambios,null,null,null
100074,2017-01-04,2017-01-06,"descalibrado",false,No permitido cambios,null,null,null
100074,2018-02-26,2018-02-26,"atipico",false,No permitido cambios,null,null,null
100078,2017-06-29,2017-07-02,"",false,No permitido cambios,null,null,null
100078,2017-07-05,2017-07-09,"atipico",false,No permitido cambios,null,null,null
100080,2018-01-16,2018-01-16,"atipico",false,No permitido cambios,null,null,null
100080,2018-01-17,2018-01-17,"atipico",false,No permitido cambios,null,null,null
100080,2020-01-24,2020-01-24,"atipico",false,No permitido cambios,null,null,null
100095,2017-07-23,2017-07-23,"atipico",false,No permitido cambios,null,null,null
100095,2017-09-21,2017-09-21,"atipico",false,No permitido cambios,null,null,null
102030,2017-02-10,2017-12-31,"Prueba Laboratorio",false,No permitido cambios,null,null,null
102030,2018-01-02,2018-12-31,"prueba",false,No permitido cambios,null,null,null
102030,2019-09-12,2020-12-31,"Prueba Laboratorio",false,No permitido cambios,null,null,null
102030,2021-01-26,2021-12-31,"prueba",false,No permitido cambios,null,null,null
102030,2022-01-03,2022-12-31,"prueba",false,No permitido cambios,null,null,null
102030,2023-01-17,2023-12-31,"Hogar en periodo de prueba",true,Listo para Cambio,null,null,null
109078,2017-08-07,2017-08-07,"atipico",false,No permitido cambios,null,null,null
109078,2017-08-09,2017-08-09,"atipico",false,No permitido cambios,null,null,null
109078,2018-02-07,2018-02-08,"atipico",false,No permitido cambios,null,null,null
109078,2018-05-11,2018-05-11,"atipico",false,No permitido cambios,null,null,null
109078,2018-05-15,2018-05-16,"atipico",false,No permitido cambios,null,null,null
109078,2018-12-13,2018-12-13,"atipico",false,No permitido cambios,null,null,null
110001,2018-01-17,2018-01-17,"atipico",false,No permitido cambios,null,null,null
110004,2019-01-02,2019-01-03,"atipico",false,No permitido cambios,null,null,null
110004,2019-01-10,2019-01-10,"atipico",false,No permitido cambios,null,null,null
110005,2017-08-17,2017-08-17,"atipico",false,No permitido cambios,null,null,null
110008,2017-09-23,2017-09-23,"atipico",false,No permitido cambios,null,null,null
110012,2018-05-07,2018-05-07,"atipico",false,No permitido cambios,null,null,null
110012,2018-05-11,2018-05-11,"atipico",false,No permitido cambios,null,null,null
110012,2018-12-06,2018-12-06,"atipico",false,No permitido cambios,null,null,null
110016,2018-04-17,2018-04-17,"atipico",false,No permitido cambios,null,null,null
110016,2018-04-18,2018-04-18,"atipico",false,No permitido cambios,null,null,null
110017,2020-03-16,2020-03-16,"atipico",false,No permitido cambios,null,null,null
110021,2018-07-27,2018-07-29,"atipico",false,No permitido cambios,null,null,null
110023,2017-02-23,2017-02-23,"descalibrado",false,No permitido cambios,null,null,null
110023,2017-03-01,2017-03-02,"100% PC",false,No permitido cambios,null,null,null
110028,2018-07-30,2018-07-30,"atipico",false,No permitido cambios,null,null,null
110030,2018-03-12,2018-03-12,"atipico",false,No permitido cambios,null,null,null
110030,2018-03-13,2018-03-13,"atipico",false,No permitido cambios,null,null,null
110030,2019-01-21,2019-01-22,"atipico",false,No permitido cambios,null,null,null
110030,2021-06-23,2021-06-27,"Mala colaboracion",false,No permitido cambios,null,null,null
110031,2017-11-01,2017-11-01,"atipico",false,No permitido cambios,null,null,null
110031,2018-03-02,2018-03-02,"atipico",false,No permitido cambios,null,null,null
110031,2018-03-07,2018-03-08,"atipico",false,No permitido cambios,null,null,null
110034,2018-03-12,2018-03-12,"atipico",false,No permitido cambios,null,null,null
110038,2017-08-30,2017-08-31,"atipico",false,No permitido cambios,null,null,null
110038,2017-09-08,2017-09-08,"atipico",false,No permitido cambios,null,null,null
110039,2018-04-24,2018-04-26,"atipico",false,No permitido cambios,null,null,null
110044,2017-07-17,2017-07-17,"",false,No permitido cambios,null,null,null
110045,2018-06-28,2018-06-28,"atípico",false,No permitido cambios,null,null,null
110045,2018-07-24,2018-07-25,"atipico",false,No permitido cambios,null,null,null
110046,2019-05-29,2019-05-30,"atipico",false,No permitido cambios,null,null,null
110049,2018-01-21,2018-01-22,"atipico",false,No permitido cambios,null,null,null
110050,2017-06-06,2017-06-06,"",false,No permitido cambios,null,null,null
110050,2017-06-27,2017-06-27,"",false,No permitido cambios,null,null,null
110050,2017-06-29,2017-06-29,"",false,No permitido cambios,null,null,null
110050,2017-07-04,2017-07-07,"prueba",false,No permitido cambios,null,null,null
110052,2019-03-16,2019-03-18,"atipico",false,No permitido cambios,null,null,null
110053,2018-02-26,2018-02-26,"atipivo",false,No permitido cambios,null,null,null
110053,2018-07-30,2018-07-30,"atipico",false,No permitido cambios,null,null,null
110054,2017-09-25,2017-09-27,"atipico",false,No permitido cambios,null,null,null
110058,2017-04-06,2017-04-06,"atipico",false,No permitido cambios,null,null,null
110058,2018-02-26,2018-02-26,"atipico",false,No permitido cambios,null,null,null
110058,2018-10-02,2018-10-03,"atipico",false,No permitido cambios,null,null,null
110058,2019-03-28,2019-03-28,"atipico",false,No permitido cambios,null,null,null
110060,2019-09-10,2019-09-10,"ATIPICO",false,No permitido cambios,null,null,null
110066,2019-02-05,2019-02-06,"atipico",false,No permitido cambios,null,null,null
110067,2018-01-16,2018-01-16,"atipico",false,No permitido cambios,null,null,null
110067,2018-01-17,2018-01-17,"atipico",false,No permitido cambios,null,null,null
110067,2018-01-20,2018-01-22,"atipico",false,No permitido cambios,null,null,null
110069,2018-08-16,2018-08-16,"atipico",false,No permitido cambios,null,null,null
110070,2017-07-17,2017-07-17,"",false,No permitido cambios,null,null,null
110072,2017-11-22,2017-11-22,"atipico",false,No permitido cambios,null,null,null
110076,2018-01-12,2018-01-15,"atipico",false,No permitido cambios,null,null,null
110077,2017-09-19,2017-09-19,"atipico",false,No permitido cambios,null,null,null
110077,2017-11-21,2017-11-21,"atipico",false,No permitido cambios,null,null,null
110077,2017-11-27,2017-11-27,"atipico",false,No permitido cambios,null,null,null
110078,2017-11-28,2017-11-28,"atipico",false,No permitido cambios,null,null,null
110078,2019-01-15,2019-01-18,"atipico",false,No permitido cambios,null,null,null
110078,2019-07-29,2019-07-29,"atipico",false,No permitido cambios,null,null,null
110081,2017-09-04,2017-09-04,"",false,No permitido cambios,null,null,null
110086,2018-01-12,2018-01-14,"atipico",false,No permitido cambios,null,null,null
110087,2018-01-21,2018-01-21,"atipico",false,No permitido cambios,null,null,null
110087,2018-01-23,2018-01-23,"atipico",false,No permitido cambios,null,null,null
110088,2019-03-21,2019-03-25,"PRUEBA",false,No permitido cambios,null,null,null
110090,2020-03-17,2020-03-17,"atipico",false,No permitido cambios,null,null,null
110094,2018-01-12,2018-01-14,"atipico",false,No permitido cambios,null,null,null
110094,2020-02-12,2020-02-12,"Instalacion",false,No permitido cambios,null,null,null
110098,2020-01-21,2020-01-21,"atipico",false,No permitido cambios,null,null,null
110099,2018-05-09,2018-05-10,"atipico",false,No permitido cambios,null,null,null
110099,2018-05-11,2018-05-13,"atipico",false,No permitido cambios,null,null,null
120005,2018-08-06,2018-08-07,"atipico",false,No permitido cambios,null,null,null
120005,2018-08-08,2018-08-08,"atipico",false,No permitido cambios,null,null,null
120005,2018-08-16,2018-08-16,"atipico",false,No permitido cambios,null,null,null
120005,2019-05-22,2019-05-22,"atipico",false,No permitido cambios,null,null,null
120010,2019-01-25,2019-01-27,"atípico",false,No permitido cambios,null,null,null
120015,2017-03-28,2017-03-28,"prueba",false,No permitido cambios,null,null,null
120015,2017-07-18,2017-07-18,"atipico",false,No permitido cambios,null,null,null
120016,2018-01-12,2018-01-15,"atipico",false,No permitido cambios,null,null,null
120016,2018-01-16,2018-01-16,"atipico",false,No permitido cambios,null,null,null
120018,2018-01-10,2018-01-10,"atipico",false,No permitido cambios,null,null,null
120019,2019-12-31,2020-01-03,"atipico",false,No permitido cambios,null,null,null
120023,2018-01-24,2018-01-24,"atipico",false,No permitido cambios,null,null,null
120023,2018-05-22,2018-05-22,"atipico",false,No permitido cambios,null,null,null
120025,2017-07-11,2017-07-14,"atipico",false,No permitido cambios,null,null,null
120026,2018-01-15,2018-01-15,"atipico",false,No permitido cambios,null,null,null
120026,2018-01-16,2018-01-16,"atipico",false,No permitido cambios,null,null,null
120026,2018-01-17,2018-01-17,"atipico",false,No permitido cambios,null,null,null
120026,2018-01-20,2018-01-20,"atipico",false,No permitido cambios,null,null,null
120027,2017-09-11,2017-09-12,"atipico",false,No permitido cambios,null,null,null
120028,2019-05-15,2019-05-15,"atipico",false,No permitido cambios,null,null,null
120029,2017-01-12,2017-01-13,"100% PC",false,No permitido cambios,null,null,null
120029,2017-01-23,2017-01-23,"forzado",false,No permitido cambios,null,null,null
120029,2017-12-22,2017-12-25,"atipico",false,No permitido cambios,null,null,null
120029,2018-09-21,2018-09-21,"prueba",false,No permitido cambios,null,null,null
120029,2019-02-20,2019-02-20,"atipico",false,No permitido cambios,null,null,null
120029,2019-06-25,2019-06-25,"Atípico ",false,No permitido cambios,null,null,null
120032,2018-11-07,2018-11-07,"atipico",false,No permitido cambios,null,null,null
120033,2017-08-30,2017-08-30,"atipico",false,No permitido cambios,null,null,null
120033,2017-12-12,2017-12-12,"atipico",false,No permitido cambios,null,null,null
120033,2017-12-13,2017-12-14,"atipico",false,No permitido cambios,null,null,null
120033,2017-12-15,2017-12-18,"atipico",false,No permitido cambios,null,null,null
120036,2018-01-20,2018-01-20,"atipico",false,No permitido cambios,null,null,null
120036,2018-12-26,2018-12-26,"atipico",false,No permitido cambios,null,null,null
120036,2019-11-15,2019-11-18,"atipico",false,No permitido cambios,null,null,null
120037,2018-01-20,2018-01-20,"atipico",false,No permitido cambios,null,null,null
120037,2018-01-23,2018-01-23,"atipico",false,No permitido cambios,null,null,null
120037,2018-07-04,2018-07-06,"atipico",false,No permitido cambios,null,null,null
120038,2017-05-10,2017-05-10,"",false,No permitido cambios,null,null,null
120039,2017-03-15,2017-03-16,"100 % PC",false,No permitido cambios,null,null,null
120039,2019-08-20,2019-08-21,"ATIPICO",false,No permitido cambios,null,null,null
120039,2019-09-26,2019-09-27,"ATIPICO",false,No permitido cambios,null,null,null
120044,2017-10-25,2017-10-28,"atipico",false,No permitido cambios,null,null,null
120044,2019-06-25,2019-06-25,"Atípico ",false,No permitido cambios,null,null,null
120045,2017-02-15,2017-02-17,"100% PC",false,No permitido cambios,null,null,null
120045,2017-07-25,2017-07-25,"atipico",false,No permitido cambios,null,null,null
120045,2017-07-26,2017-07-31,"atipico",false,No permitido cambios,null,null,null
120045,2017-08-01,2017-08-01,"atipico",false,No permitido cambios,null,null,null
120045,2017-08-02,2017-08-02,"atipico",false,No permitido cambios,null,null,null
120045,2017-09-05,2017-09-05,"atipico",false,No permitido cambios,null,null,null
120045,2018-03-12,2018-03-12,"atipico",false,No permitido cambios,null,null,null
120046,2018-01-03,2018-01-04,"atipico",false,No permitido cambios,null,null,null
120046,2019-03-19,2019-03-20,"PRUEBA",false,No permitido cambios,null,null,null
120048,2018-06-28,2018-06-28,"atípico",false,No permitido cambios,null,null,null
120050,2017-01-11,2017-01-23,"prueba",false,No permitido cambios,null,null,null
120050,2018-01-12,2018-01-14,"atipico",false,No permitido cambios,null,null,null
120050,2018-07-11,2018-07-11,"atipico",false,No permitido cambios,null,null,null
120052,2017-01-11,2017-02-02,"prueba",false,No permitido cambios,null,null,null
120053,2017-01-11,2017-01-19,"prueba",false,No permitido cambios,null,null,null
120054,2017-01-12,2017-01-29,"prueba",false,No permitido cambios,null,null,null
120055,2017-01-13,2017-04-30,"prueba",false,No permitido cambios,null,null,null
120056,2017-01-13,2017-01-19,"prueba",false,No permitido cambios,null,null,null
120057,2017-01-11,2017-01-19,"prueba",false,No permitido cambios,null,null,null
120057,2017-04-05,2017-04-07,"atipico",false,No permitido cambios,null,null,null
120058,2017-01-30,2017-03-05,"PRUEBA",false,No permitido cambios,null,null,null
120058,2018-03-20,2018-03-20,"atipico",false,No permitido cambios,null,null,null
120058,2018-03-21,2018-03-21,"atipico",false,No permitido cambios,null,null,null
120058,2018-06-01,2018-06-01,"atipico",false,No permitido cambios,null,null,null
120058,2019-09-16,2019-09-18,"ATIPICO",false,No permitido cambios,null,null,null
120059,2017-01-27,2017-02-13,"prueba",false,No permitido cambios,null,null,null
120059,2017-08-14,2017-08-14,"atipico",false,No permitido cambios,null,null,null
120060,2017-01-30,2017-02-07,"PRUEBA",false,No permitido cambios,null,null,null
120060,2017-04-11,2017-04-16,"100% pc",false,No permitido cambios,null,null,null
120061,2017-02-01,2017-02-14,"PRUEBA",false,No permitido cambios,null,null,null
120062,2017-02-01,2017-02-13,"PRUEBA",false,No permitido cambios,null,null,null
120062,2018-07-24,2018-07-25,"atipico",false,No permitido cambios,null,null,null
120063,2017-02-03,2017-02-07,"PRUEBA",false,No permitido cambios,null,null,null
120064,2017-02-06,2017-02-19,"PRUEBA",false,No permitido cambios,null,null,null
120065,2017-02-02,2017-04-30,"PRUEBA",false,No permitido cambios,null,null,null
120066,2017-02-15,2017-03-02,"prueba",false,No permitido cambios,null,null,null
120066,2017-11-30,2017-11-30,"atipico",false,No permitido cambios,null,null,null
120066,2018-01-02,2018-01-04,"atipico",false,No permitido cambios,null,null,null
120066,2018-01-25,2018-01-25,"atipico",false,No permitido cambios,null,null,null
120066,2018-01-26,2018-01-28,"atipico",false,No permitido cambios,null,null,null
120066,2018-01-29,2018-01-29,"atipico",false,No permitido cambios,null,null,null
120067,2017-02-17,2017-03-05,"prueba",false,No permitido cambios,null,null,null
120067,2017-08-23,2017-08-23,"atipico",false,No permitido cambios,null,null,null
120068,2017-02-20,2017-03-01,"prueba",false,No permitido cambios,null,null,null
120068,2019-06-03,2019-06-04,"Atípico",false,No permitido cambios,null,null,null
120069,2017-02-23,2017-03-05,"prueba",false,No permitido cambios,null,null,null
120069,2018-01-18,2018-01-18,"atipico",false,No permitido cambios,null,null,null
120070,2017-03-07,2017-03-16,"prueba",false,No permitido cambios,null,null,null
120071,2017-03-08,2017-04-30,"prueba",false,No permitido cambios,null,null,null
120072,2017-03-09,2017-04-02,"prueba",false,No permitido cambios,null,null,null
120072,2017-06-12,2017-06-14,"atï¿½pico",false,No permitido cambios,null,null,null
120072,2017-06-20,2017-06-21,"prueba",false,No permitido cambios,null,null,null
120072,2017-07-05,2017-07-07,"atipico",false,No permitido cambios,null,null,null
120072,2018-06-26,2018-06-27,"atipico",false,No permitido cambios,null,null,null
120072,2018-11-07,2018-11-07,"atipico",false,No permitido cambios,null,null,null
120073,2017-03-10,2017-03-21,"prueba",false,No permitido cambios,null,null,null
120074,2017-03-13,2017-03-22,"prueba",false,No permitido cambios,null,null,null
120074,2017-04-11,2017-04-12,"atipico",false,No permitido cambios,null,null,null
120074,2018-02-19,2018-02-19,"atipico",false,No permitido cambios,null,null,null
120074,2018-03-29,2018-03-31,"atipico",false,No permitido cambios,null,null,null
120074,2018-05-16,2018-05-17,"atipico",false,No permitido cambios,null,null,null
120076,2017-03-17,2017-04-09,"prueba",false,No permitido cambios,null,null,null
120076,2018-06-04,2018-06-05,"atipico",false,No permitido cambios,null,null,null
120077,2017-03-23,2017-04-04,"Prueba",false,No permitido cambios,null,null,null
120077,2017-07-17,2017-07-17,"",false,No permitido cambios,null,null,null
120077,2019-01-11,2019-01-15,"atipico",false,No permitido cambios,null,null,null
120077,2019-01-16,2019-01-18,"atipico",false,No permitido cambios,null,null,null
120077,2019-01-23,2019-01-24,"atipico",false,No permitido cambios,null,null,null
120077,2019-06-24,2019-06-27,"atipico",false,No permitido cambios,null,null,null
120078,2017-03-23,2017-04-02,"Prueba",false,No permitido cambios,null,null,null
120079,2017-03-27,2017-04-30,"prueba",false,No permitido cambios,null,null,null
120079,2017-08-07,2017-08-11,"atipico",false,No permitido cambios,null,null,null
120079,2017-09-04,2017-09-04,"atipico",false,No permitido cambios,null,null,null
120080,2017-03-22,2017-03-26,"prueba",false,No permitido cambios,null,null,null
120081,2017-03-23,2017-03-30,"Prueba",false,No permitido cambios,null,null,null
120081,2018-07-06,2018-07-09,"atipico",false,No permitido cambios,null,null,null
120081,2019-09-03,2019-09-04,"Grilla",false,No permitido cambios,null,null,null
120082,2017-03-22,2017-03-27,"prueba",false,No permitido cambios,null,null,null
120082,2017-07-19,2017-07-20,"atipico",false,No permitido cambios,null,null,null
120082,2017-07-25,2017-07-27,"atipico",false,No permitido cambios,null,null,null
120082,2017-08-02,2017-08-02,"atipico",false,No permitido cambios,null,null,null
120082,2017-08-22,2017-08-23,"atipico",false,No permitido cambios,null,null,null
120083,2017-03-22,2017-04-06,"prueba",false,No permitido cambios,null,null,null
120084,2017-03-24,2017-04-02,"Prueba",false,No permitido cambios,null,null,null
120084,2019-01-08,2019-01-09,"atipico",false,No permitido cambios,null,null,null
120084,2019-12-19,2019-12-19,"Atipico",false,No permitido cambios,null,null,null
120086,2017-04-05,2017-04-23,"prueba",false,No permitido cambios,null,null,null
120087,2017-04-05,2017-04-25,"prueba",false,No permitido cambios,null,null,null
120088,2017-04-05,2017-05-01,"prueba",false,No permitido cambios,null,null,null
120089,2017-04-11,2017-05-01,"prueba",false,No permitido cambios,null,null,null
120090,2017-04-11,2017-04-24,"prueba",false,No permitido cambios,null,null,null
120091,2017-04-12,2017-04-23,"prueba",false,No permitido cambios,null,null,null
120091,2018-01-22,2018-01-22,"atipico",false,No permitido cambios,null,null,null
120093,2017-05-11,2017-06-20,"prueba",false,No permitido cambios,null,null,null
120094,2017-05-12,2017-05-30,"",false,No permitido cambios,null,null,null
120095,2017-05-16,2017-05-21,"PRUEBA",false,No permitido cambios,null,null,null
120095,2019-01-30,2019-02-01,"prueba",false,No permitido cambios,null,null,null
120095,2019-02-27,2019-02-27,"atipico",false,No permitido cambios,null,null,null
120096,2017-05-15,2017-05-21,"prueba",false,No permitido cambios,null,null,null
120096,2017-08-17,2017-08-18,"atipico",false,No permitido cambios,null,null,null
120096,2018-01-08,2018-01-09,"atipico",false,No permitido cambios,null,null,null
120097,2017-05-15,2017-05-25,"prueba",false,No permitido cambios,null,null,null
120097,2018-01-11,2018-01-11,"atipico",false,No permitido cambios,null,null,null
120097,2018-01-12,2018-01-14,"atipico",false,No permitido cambios,null,null,null
120097,2018-01-17,2018-01-17,"atipico",false,No permitido cambios,null,null,null
120098,2017-05-30,2017-05-31,"",false,No permitido cambios,null,null,null
120098,2018-06-28,2018-06-30,"atípico",false,No permitido cambios,null,null,null
120099,2017-05-23,2017-05-31,"prueba",false,No permitido cambios,null,null,null
123012,2017-05-15,2017-05-15,"atipico",false,No permitido cambios,null,null,null
130000,2017-06-01,2017-06-19,"prueba",false,No permitido cambios,null,null,null
130001,2017-06-13,2017-06-28,"",false,No permitido cambios,null,null,null
130001,2018-12-17,2018-12-18,"atipico",false,No permitido cambios,null,null,null
130002,2017-06-13,2017-07-06,"prueba",false,No permitido cambios,null,null,null
130003,2017-06-13,2017-07-17,"prueba",false,No permitido cambios,null,null,null
130003,2018-01-24,2018-01-24,"atipico",false,No permitido cambios,null,null,null
130003,2018-08-30,2018-08-31,"atipico",false,No permitido cambios,null,null,null
130004,2017-06-15,2017-07-09,"prueba",false,No permitido cambios,null,null,null
130004,2018-10-10,2018-10-10,"ATIPICO",false,No permitido cambios,null,null,null
130004,2018-11-15,2018-11-15,"atipico",false,No permitido cambios,null,null,null
130005,2017-06-15,2017-07-02,"prueba",false,No permitido cambios,null,null,null
130005,2021-04-28,2021-04-30,"Problema técnico",false,No permitido cambios,null,null,null
130006,2017-06-14,2017-06-22,"prueba",false,No permitido cambios,null,null,null
130006,2017-08-30,2017-08-30,"atipico",false,No permitido cambios,null,null,null
130006,2017-09-20,2017-09-21,"atipico",false,No permitido cambios,null,null,null
130006,2017-09-22,2017-09-25,"atipico",false,No permitido cambios,null,null,null
130007,2017-06-14,2017-07-09,"prueba",false,No permitido cambios,null,null,null
130007,2018-08-02,2018-08-05,"atipico",false,No permitido cambios,null,null,null
130007,2018-08-06,2018-08-06,"atipico",false,No permitido cambios,null,null,null
130007,2018-08-08,2018-08-08,"atipico",false,No permitido cambios,null,null,null
130008,2017-06-22,2017-07-11,"prueba",false,No permitido cambios,null,null,null
130009,2017-06-22,2017-08-03,"prueba",false,No permitido cambios,null,null,null
130010,2017-06-20,2017-07-13,"prueba",false,No permitido cambios,null,null,null
130011,2017-06-23,2017-07-02,"prueba",false,No permitido cambios,null,null,null
130011,2018-08-06,2018-08-06,"atipico",false,No permitido cambios,null,null,null
130011,2018-08-08,2018-08-08,"atipico",false,No permitido cambios,null,null,null
130012,2017-06-26,2017-07-20,"prueba",false,No permitido cambios,null,null,null
130012,2017-08-28,2017-08-28,"atipico",false,No permitido cambios,null,null,null
130012,2018-01-10,2018-01-10,"atipico",false,No permitido cambios,null,null,null
130012,2018-01-11,2018-01-14,"atipico",false,No permitido cambios,null,null,null
130012,2018-01-15,2018-01-15,"atipico",false,No permitido cambios,null,null,null
130012,2018-01-16,2018-01-16,"atipico",false,No permitido cambios,null,null,null
130013,2017-07-05,2017-07-09,"prueba",false,No permitido cambios,null,null,null
130014,2017-06-28,2017-07-16,"prueba",false,No permitido cambios,null,null,null
130014,2017-09-01,2017-09-01,"atipico",false,No permitido cambios,null,null,null
130014,2017-11-10,2017-11-10,"atipico",false,No permitido cambios,null,null,null
130014,2017-11-26,2017-11-26,"atipico",false,No permitido cambios,null,null,null
130014,2018-03-27,2018-04-03,"atipico",false,No permitido cambios,null,null,null
130015,2017-06-28,2017-07-09,"prueba",false,No permitido cambios,null,null,null
130017,2017-06-30,2017-07-12,"prueba",false,No permitido cambios,null,null,null
130017,2020-01-27,2020-01-28,"atipico",false,No permitido cambios,null,null,null
130018,2017-07-07,2017-07-20,"prueba",false,No permitido cambios,null,null,null
130019,2017-07-19,2017-07-27,"prueba",false,No permitido cambios,null,null,null
130020,2017-07-24,2017-08-03,"prueba",false,No permitido cambios,null,null,null
130022,2017-07-26,2017-08-14,"prueba",false,No permitido cambios,null,null,null
130024,2017-07-26,2017-08-14,"prueba",false,No permitido cambios,null,null,null
130025,2017-07-27,2017-08-17,"prueba",false,No permitido cambios,null,null,null
130025,2018-01-16,2018-01-16,"atipico",false,No permitido cambios,null,null,null
130026,2017-08-07,2017-09-07,"prueba",false,No permitido cambios,null,null,null
130026,2018-01-12,2018-01-14,"atipico",false,No permitido cambios,null,null,null
130027,2017-07-31,2017-08-15,"prueba",false,No permitido cambios,null,null,null
130027,2018-09-06,2018-09-07,"atipico",false,No permitido cambios,null,null,null
130027,2018-09-10,2018-09-10,"atipico",false,No permitido cambios,null,null,null
130028,2017-08-14,2017-09-17,"prueba",false,No permitido cambios,null,null,null
130028,2018-03-19,2018-03-19,"atipico",false,No permitido cambios,null,null,null
130028,2018-11-17,2018-11-19,"atipico",false,No permitido cambios,null,null,null
130030,2017-08-15,2017-08-27,"prueba",false,No permitido cambios,null,null,null
130031,2017-08-10,2017-08-24,"prueba",false,No permitido cambios,null,null,null
130032,2017-08-14,2017-09-19,"prueba",false,No permitido cambios,null,null,null
130033,2017-08-15,2017-08-31,"prueba",false,No permitido cambios,null,null,null
130033,2018-11-01,2018-11-02,"descalibrado",false,No permitido cambios,null,null,null
130034,2017-08-25,2017-09-06,"",false,No permitido cambios,null,null,null
130035,2017-08-31,2017-09-14,"prueba",false,No permitido cambios,null,null,null
130036,2017-09-01,2017-10-12,"",false,No permitido cambios,null,null,null
130038,2017-09-12,2017-09-21,"prueba",false,No permitido cambios,null,null,null
130039,2017-09-28,2017-10-09,"prueba",false,No permitido cambios,null,null,null
130039,2018-01-15,2018-01-15,"atipico",false,No permitido cambios,null,null,null
130039,2018-01-16,2018-01-16,"atipico",false,No permitido cambios,null,null,null
130040,2017-10-09,2017-10-26,"prueba",false,No permitido cambios,null,null,null
130040,2019-02-12,2019-02-12,"atipico",false,No permitido cambios,null,null,null
130041,2017-10-17,2017-11-06,"",false,No permitido cambios,null,null,null
130042,2017-10-19,2017-11-06,"",false,No permitido cambios,null,null,null
130042,2018-08-06,2018-08-06,"atipico",false,No permitido cambios,null,null,null
130042,2018-08-08,2018-08-08,"atipico",false,No permitido cambios,null,null,null
130043,2017-10-19,2017-10-29,"",false,No permitido cambios,null,null,null
130044,2017-10-19,2017-10-26,"",false,No permitido cambios,null,null,null
130046,2017-10-25,2017-10-31,"prueba",false,No permitido cambios,null,null,null
130046,2018-06-26,2018-06-27,"atipico",false,No permitido cambios,null,null,null
130046,2018-07-04,2018-07-05,"atipico",false,No permitido cambios,null,null,null
130047,2017-10-25,2017-11-08,"prueba",false,No permitido cambios,null,null,null
130047,2019-02-20,2019-02-20,"atipico",false,No permitido cambios,null,null,null
130048,2017-11-07,2017-11-21,"prueba",false,No permitido cambios,null,null,null
130048,2019-02-04,2019-02-06,"atipico",false,No permitido cambios,null,null,null
130049,2017-11-15,2017-12-10,"prueba",false,No permitido cambios,null,null,null
130050,2017-10-30,2017-11-14,"prueba",false,No permitido cambios,null,null,null
130050,2018-01-10,2018-01-10,"atipico",false,No permitido cambios,null,null,null
130052,2017-10-30,2017-11-14,"prueba",false,No permitido cambios,null,null,null
130053,2017-10-31,2017-11-15,"",false,No permitido cambios,null,null,null
130054,2017-11-01,2017-11-28,"prueba",false,No permitido cambios,null,null,null
130055,2017-11-15,2017-12-31,"prueba",false,No permitido cambios,null,null,null
130056,2017-12-01,2017-12-05,"prueba",false,No permitido cambios,null,null,null
130056,2018-01-19,2018-01-22,"atipico",false,No permitido cambios,null,null,null
130056,2018-01-23,2018-01-23,"atipico",false,No permitido cambios,null,null,null
130057,2017-12-05,2017-12-20,"prueba",false,No permitido cambios,null,null,null
130058,2017-12-12,2018-01-01,"prueba",false,No permitido cambios,null,null,null
130058,2018-01-24,2018-01-24,"atipico",false,No permitido cambios,null,null,null
130058,2019-03-25,2019-03-27,"atipico",false,No permitido cambios,null,null,null
130058,2019-03-28,2019-03-31,"atipico",false,No permitido cambios,null,null,null
130058,2020-01-28,2020-01-28,"atipico",false,No permitido cambios,null,null,null
130059,2017-12-05,2018-01-15,"prueba",false,No permitido cambios,null,null,null
130059,2019-08-20,2019-08-20,"ATIPICO",false,No permitido cambios,null,null,null
130060,2017-12-11,2017-12-28,"prueba",false,No permitido cambios,null,null,null
130060,2018-03-21,2018-03-22,"atipico",false,No permitido cambios,null,null,null
130060,2019-12-04,2019-12-05,"ATIPICO",false,No permitido cambios,null,null,null
130062,2017-12-19,2018-01-11,"prueba",false,No permitido cambios,null,null,null
130062,2018-01-24,2018-01-24,"atipico",false,No permitido cambios,null,null,null
130063,2018-01-04,2018-01-09,"prueba",false,No permitido cambios,null,null,null
130064,2017-12-20,2018-01-07,"prueba",false,No permitido cambios,null,null,null
130065,2017-12-21,2018-01-11,"prueba",false,No permitido cambios,null,null,null
130066,2017-12-27,2018-02-06,"prueba",false,No permitido cambios,null,null,null
130067,2017-12-27,2018-01-17,"prueba",false,No permitido cambios,null,null,null
130068,2017-12-28,2018-01-04,"prueba",false,No permitido cambios,null,null,null
130068,2018-01-23,2018-01-23,"atipico",false,No permitido cambios,null,null,null
130068,2018-01-24,2018-01-24,"atipico",false,No permitido cambios,null,null,null
130069,2017-12-28,2018-01-04,"prueba",false,No permitido cambios,null,null,null
130071,2018-01-05,2018-02-04,"prueba",false,No permitido cambios,null,null,null
130072,2018-01-05,2018-02-04,"prueba",false,No permitido cambios,null,null,null
130072,2018-02-19,2018-02-20,"atipico",false,No permitido cambios,null,null,null
130072,2018-04-17,2018-04-17,"atipico",false,No permitido cambios,null,null,null
130072,2018-04-18,2018-04-18,"atipico",false,No permitido cambios,null,null,null
130073,2018-01-10,2018-01-21,"prueba",false,No permitido cambios,null,null,null
130073,2018-06-12,2018-06-14,"atipico",false,No permitido cambios,null,null,null
130073,2021-05-19,2021-05-20,"problema tecnico",false,No permitido cambios,null,null,null
130074,2018-01-11,2018-01-21,"prueba",false,No permitido cambios,null,null,null
130075,2018-01-08,2018-01-18,"prueba",false,No permitido cambios,null,null,null
130076,2018-01-12,2018-02-28,"prueba",false,No permitido cambios,null,null,null
130077,2018-01-22,2018-02-07,"prueba",false,No permitido cambios,null,null,null
130078,2018-01-17,2018-02-26,"prueba",false,No permitido cambios,null,null,null
130079,2018-01-16,2018-02-05,"prueba",false,No permitido cambios,null,null,null
130079,2018-04-02,2018-04-03,"atipico",false,No permitido cambios,null,null,null
130080,2018-01-17,2018-02-04,"prueba",false,No permitido cambios,null,null,null
130081,2018-01-17,2018-01-21,"prueba",false,No permitido cambios,null,null,null
130081,2019-05-22,2019-05-22,"atipico",false,No permitido cambios,null,null,null
130081,2020-01-06,2020-01-06,"atipico",false,No permitido cambios,null,null,null
130082,2018-01-19,2018-01-28,"prueba",false,No permitido cambios,null,null,null
130083,2018-02-01,2018-02-15,"prueba",false,No permitido cambios,null,null,null
130083,2018-08-17,2018-08-18,"atipico",false,No permitido cambios,null,null,null
130083,2018-08-20,2018-08-20,"atipico",false,No permitido cambios,null,null,null
130083,2019-12-10,2019-12-12,"atipico",false,No permitido cambios,null,null,null
130084,2018-01-29,2018-02-05,"prueba",false,No permitido cambios,null,null,null
130084,2018-06-18,2018-06-21,"atípico",false,No permitido cambios,null,null,null
130085,2018-01-22,2018-03-01,"prueba",false,No permitido cambios,null,null,null
130085,2018-03-20,2018-03-20,"atipico",false,No permitido cambios,null,null,null
130085,2018-04-17,2018-04-17,"atipico",false,No permitido cambios,null,null,null
130085,2018-07-27,2018-07-27,"atipico",false,No permitido cambios,null,null,null
130086,2018-01-22,2018-02-08,"prueba",false,No permitido cambios,null,null,null
130087,2018-02-07,2018-02-27,"prueba",false,No permitido cambios,null,null,null
130087,2018-03-12,2018-03-12,"atipico",false,No permitido cambios,null,null,null
130087,2018-03-16,2018-03-18,"atipico",false,No permitido cambios,null,null,null
130088,2018-02-08,2018-02-19,"prueba",false,No permitido cambios,null,null,null
130089,2018-02-08,2018-02-21,"prueba",false,No permitido cambios,null,null,null
130089,2021-05-19,2021-05-23,"migracion dib6",false,No permitido cambios,null,null,null
130089,2021-05-25,2021-06-03,"migración a dib",false,No permitido cambios,null,null,null
130091,2018-02-21,2018-02-27,"prueba",false,No permitido cambios,null,null,null
130091,2019-10-09,2019-10-11,"ATÍPICO",false,No permitido cambios,null,null,null
130093,2017-12-26,2018-03-04,"prueba",false,No permitido cambios,null,null,null
130093,2018-09-06,2018-09-08,"atipico",false,No permitido cambios,null,null,null
130094,2018-02-27,2018-03-08,"prueba",false,No permitido cambios,null,null,null
130095,2018-02-26,2018-03-05,"prueba",false,No permitido cambios,null,null,null
130095,2018-03-19,2018-03-19,"atipico",false,No permitido cambios,null,null,null
130095,2018-03-20,2018-03-20,"atipico",false,No permitido cambios,null,null,null
130096,2018-02-27,2018-03-07,"prueba",false,No permitido cambios,null,null,null
130097,2018-03-01,2018-03-12,"prueba",false,No permitido cambios,null,null,null
130098,2018-03-08,2018-03-14,"prueba",false,No permitido cambios,null,null,null
130099,2018-03-13,2018-03-21,"prueba",false,No permitido cambios,null,null,null
134082,2017-01-24,2017-01-24,"forzado",false,No permitido cambios,null,null,null
134082,2017-11-13,2017-11-14,"atipico",false,No permitido cambios,null,null,null
140000,2018-03-13,2018-04-03,"prueba",false,No permitido cambios,null,null,null
140000,2020-02-04,2020-02-06,"atipico",false,No permitido cambios,null,null,null
140001,2018-03-23,2018-04-08,"prueba",false,No permitido cambios,null,null,null
140001,2018-04-16,2018-04-16,"atipico",false,No permitido cambios,null,null,null
140001,2018-06-04,2018-06-05,"atipico",false,No permitido cambios,null,null,null
140001,2018-10-02,2018-10-03,"atipico",false,No permitido cambios,null,null,null
140002,2018-03-20,2018-04-19,"prueba",false,No permitido cambios,null,null,null
140003,2018-03-15,2018-03-28,"prueba",false,No permitido cambios,null,null,null
140003,2018-04-13,2018-04-15,"atipico",false,No permitido cambios,null,null,null
140004,2018-03-21,2018-04-05,"prueba",false,No permitido cambios,null,null,null
140004,2018-04-13,2018-04-14,"atipico",false,No permitido cambios,null,null,null
140004,2018-06-04,2018-06-05,"atipico",false,No permitido cambios,null,null,null
140004,2018-09-06,2018-09-08,"atipico",false,No permitido cambios,null,null,null
140004,2021-05-10,2021-05-12,"pendiente de migracion",false,No permitido cambios,null,null,null
140005,2018-03-26,2018-04-11,"prueba",false,No permitido cambios,null,null,null
140007,2018-03-22,2018-04-08,"prueba",false,No permitido cambios,null,null,null
140007,2021-03-10,2021-03-10,"Configuracion de cablera",false,No permitido cambios,null,null,null
140008,2018-03-22,2018-04-05,"prueba",false,No permitido cambios,null,null,null
140008,2018-05-29,2018-05-29,"atipico",false,No permitido cambios,null,null,null
140008,2018-10-26,2018-10-27,"atipico",false,No permitido cambios,null,null,null
140008,2018-11-07,2018-11-07,"atipico",false,No permitido cambios,null,null,null
140009,2018-03-28,2018-04-05,"prueba",false,No permitido cambios,null,null,null
140009,2019-01-10,2019-01-10,"atipico",false,No permitido cambios,null,null,null
140010,2018-04-03,2018-04-12,"prueba",false,No permitido cambios,null,null,null
140011,2018-04-06,2018-04-11,"prueba",false,No permitido cambios,null,null,null
140012,2018-04-09,2018-04-16,"prueba",false,No permitido cambios,null,null,null
140013,2018-04-18,2018-05-10,"prueba",false,No permitido cambios,null,null,null
140013,2019-12-02,2019-12-03,"ATIPICO ",false,No permitido cambios,null,null,null
140013,2022-08-22,2022-09-05,"Prueba",false,No permitido cambios,null,null,null
140014,2018-04-16,2018-04-29,"prueba",false,No permitido cambios,null,null,null
140015,2018-04-23,2018-05-31,"prueba",false,No permitido cambios,null,null,null
140016,2018-04-24,2018-05-03,"prueba",false,No permitido cambios,null,null,null
140017,2018-04-25,2018-04-29,"prueba",false,No permitido cambios,null,null,null
140017,2018-12-06,2018-12-06,"atipico",false,No permitido cambios,null,null,null
140018,2018-04-25,2018-05-07,"prueba",false,No permitido cambios,null,null,null
140018,2019-02-27,2019-02-27,"atipico",false,No permitido cambios,null,null,null
140020,2018-04-25,2018-05-06,"prueba",false,No permitido cambios,null,null,null
140021,2018-05-16,2018-05-31,"prueba",false,No permitido cambios,null,null,null
140022,2018-05-18,2018-06-11,"prueba",false,No permitido cambios,null,null,null
140023,2018-05-21,2018-05-27,"prueba",false,No permitido cambios,null,null,null
140024,2018-05-21,2018-06-05,"prueba",false,No permitido cambios,null,null,null
140025,2018-06-14,2018-06-21,"prueba",false,No permitido cambios,null,null,null
140026,2018-05-31,2018-06-14,"prueba",false,No permitido cambios,null,null,null
140027,2018-06-04,2018-06-17,"prueba",false,No permitido cambios,null,null,null
140028,2018-06-04,2018-06-11,"prueba",false,No permitido cambios,null,null,null
140028,2018-09-26,2018-09-29,"atipico",false,No permitido cambios,null,null,null
140028,2021-08-05,2021-08-10,"Eq. Desconectado",false,No permitido cambios,null,null,null
140028,2021-08-11,2021-08-15,"Eq. Desconectado",false,No permitido cambios,null,null,null
140030,2018-06-28,2018-07-10,"prueba",false,No permitido cambios,null,null,null
140031,2018-06-26,2018-07-04,"prueba",false,No permitido cambios,null,null,null
140031,2019-09-23,2019-09-24,"Atípico",false,No permitido cambios,null,null,null
140031,2019-09-26,2019-09-27,"ATIPICO",false,No permitido cambios,null,null,null
140032,2018-06-29,2018-07-08,"prueba dib6",false,No permitido cambios,null,null,null
140033,2018-07-02,2018-07-08,"prueba dib6",false,No permitido cambios,null,null,null
140033,2018-07-31,2018-07-31,"atipico",false,No permitido cambios,null,null,null
140033,2019-01-23,2019-01-24,"atipico",false,No permitido cambios,null,null,null
140033,2021-08-03,2021-08-06,"Eq desconectado",false,No permitido cambios,null,null,null
140034,2018-07-04,2018-07-29,"prueba",false,No permitido cambios,null,null,null
140035,2018-07-04,2018-07-31,"prueba",false,No permitido cambios,null,null,null
140037,2018-07-09,2018-07-25,"prueba",false,No permitido cambios,null,null,null
140039,2018-07-13,2018-08-05,"prueba",false,No permitido cambios,null,null,null
140040,2018-07-23,2018-08-05,"prueba",false,No permitido cambios,null,null,null
140041,2018-07-20,2018-07-29,"prueba",false,No permitido cambios,null,null,null
140042,2018-07-23,2018-08-31,"prueba",false,No permitido cambios,null,null,null
140043,2018-07-25,2018-07-31,"prueba",false,No permitido cambios,null,null,null
140045,2018-07-27,2018-08-31,"prueba",false,No permitido cambios,null,null,null
140046,2018-07-31,2018-08-15,"PRUEBA",false,No permitido cambios,null,null,null
140047,2018-08-02,2018-08-15,"prueba",false,No permitido cambios,null,null,null
140047,2019-03-06,2019-03-07,"atipico",false,No permitido cambios,null,null,null
140048,2018-08-06,2018-08-28,"prueba",false,No permitido cambios,null,null,null
140049,2018-08-08,2018-08-21,"prueba",false,No permitido cambios,null,null,null
140049,2019-02-04,2019-02-04,"atipico",false,No permitido cambios,null,null,null
140050,2018-08-08,2018-08-21,"prueba",false,No permitido cambios,null,null,null
140052,2018-08-27,2018-09-17,"prueba",false,No permitido cambios,null,null,null
140053,2018-08-23,2018-09-02,"prueba",false,No permitido cambios,null,null,null
140054,2018-08-29,2018-09-02,"prueba",false,No permitido cambios,null,null,null
140055,2018-09-03,2018-09-17,"prueba",false,No permitido cambios,null,null,null
140057,2018-09-06,2018-09-30,"prueba",false,No permitido cambios,null,null,null
140058,2018-09-12,2018-10-04,"PRUEBA",false,No permitido cambios,null,null,null
140058,2019-01-16,2019-01-17,"atipico",false,No permitido cambios,null,null,null
140058,2019-01-18,2019-01-19,"atípico",false,No permitido cambios,null,null,null
140058,2019-02-11,2019-02-15,"atipico",false,No permitido cambios,null,null,null
140059,2018-09-06,2018-09-12,"prueba",false,No permitido cambios,null,null,null
140060,2018-09-12,2018-09-17,"PRUEBA",false,No permitido cambios,null,null,null
140060,2020-03-12,2020-03-16,"Atipico",false,No permitido cambios,null,null,null
140063,2018-09-20,2018-10-01,"PRUEBA",false,No permitido cambios,null,null,null
140064,2018-09-26,2018-10-04,"prueba",false,No permitido cambios,null,null,null
140065,2018-10-02,2018-10-09,"prueba",false,No permitido cambios,null,null,null
140066,2018-10-08,2018-10-17,"prueba",false,No permitido cambios,null,null,null
140066,2019-01-07,2019-01-08,"atipico",false,No permitido cambios,null,null,null
140067,2018-10-22,2018-10-25,"Prueba",false,No permitido cambios,null,null,null
140068,2018-10-24,2018-11-08,"Prueba",false,No permitido cambios,null,null,null
140069,2018-10-26,2018-11-01,"prueba",false,No permitido cambios,null,null,null
140070,2018-10-29,2018-11-30,"Prueba",false,No permitido cambios,null,null,null
140071,2018-10-25,2018-10-31,"Prueba",false,No permitido cambios,null,null,null
140073,2018-10-31,2018-11-06,"prueba",false,No permitido cambios,null,null,null
140075,2018-11-02,2018-11-25,"Prueba",false,No permitido cambios,null,null,null
140076,2018-11-06,2018-11-12,"Prueba",false,No permitido cambios,null,null,null
140077,2018-11-27,2018-12-02,"prueba",false,No permitido cambios,null,null,null
140078,2018-11-21,2018-12-04,"prueba",false,No permitido cambios,null,null,null
140080,2018-11-14,2018-12-10,"prueba",false,No permitido cambios,null,null,null
140080,2021-03-01,2021-03-03,"Pendiente de migración",false,No permitido cambios,null,null,null
140080,2021-03-10,2021-03-12,"Pendiente migracion a Dib6",false,No permitido cambios,null,null,null
140081,2018-11-16,2018-12-11,"PRUEBA",false,No permitido cambios,null,null,null
140082,2018-11-20,2018-12-11,"prueba",false,No permitido cambios,null,null,null
140082,2019-02-07,2019-02-08,"atipico",false,No permitido cambios,null,null,null
140084,2018-11-21,2018-12-11,"prueba",false,No permitido cambios,null,null,null
140085,2018-11-26,2018-12-12,"prueba",false,No permitido cambios,null,null,null
140085,2019-01-07,2019-01-09,"atipico",false,No permitido cambios,null,null,null
140087,2018-11-29,2018-12-05,"prueba",false,No permitido cambios,null,null,null
140088,2018-12-04,2018-12-23,"prueba",false,No permitido cambios,null,null,null
140089,2018-12-13,2018-12-23,"prueba",false,No permitido cambios,null,null,null
140090,2018-12-20,2018-12-31,"prueba",false,No permitido cambios,null,null,null
140090,2019-12-20,2019-12-20,"Atipico",false,No permitido cambios,null,null,null
140090,2021-05-03,2021-05-03,"cambio de cablera",false,No permitido cambios,null,null,null
140092,2018-12-26,2019-01-10,"prueba",false,No permitido cambios,null,null,null
140094,2019-01-04,2019-01-21,"prueba",false,No permitido cambios,null,null,null
140095,2019-01-17,2019-01-21,"PRUEBA",false,No permitido cambios,null,null,null
140095,2019-06-10,2019-06-10,"atipico",false,No permitido cambios,null,null,null
140096,2019-01-17,2019-02-03,"PRUEBA",false,No permitido cambios,null,null,null
140096,2019-08-26,2019-08-27,"Atipico",false,No permitido cambios,null,null,null
140097,2019-01-18,2019-02-06,"PRUEBA DIB6",false,No permitido cambios,null,null,null
140098,2019-01-18,2019-02-03,"PRUEBA DIB6",false,No permitido cambios,null,null,null
140098,2019-05-10,2019-05-16,"atipico",false,No permitido cambios,null,null,null
142083,2017-05-02,2017-05-02,"",false,No permitido cambios,null,null,null
150000,2019-02-01,2019-02-11,"prueba",false,No permitido cambios,null,null,null
150001,2019-01-30,2019-02-07,"prueba",false,No permitido cambios,null,null,null
150002,2019-02-01,2019-02-18,"prueba",false,No permitido cambios,null,null,null
150003,2019-02-06,2019-02-11,"prueba",false,No permitido cambios,null,null,null
150003,2019-09-19,2019-09-20,"atipico",false,No permitido cambios,null,null,null
150004,2019-02-04,2019-02-17,"prueba",false,No permitido cambios,null,null,null
150004,2019-05-15,2019-05-15,"atipico",false,No permitido cambios,null,null,null
150005,2019-02-05,2019-02-13,"prueba",false,No permitido cambios,null,null,null
150005,2021-04-28,2021-05-05,"TV DAÑADO",false,No permitido cambios,null,null,null
150006,2019-02-05,2019-02-20,"prueba",false,No permitido cambios,null,null,null
150007,2019-02-06,2019-02-14,"PRUEBA",false,No permitido cambios,null,null,null
150008,2019-02-15,2019-02-21,"prueba",false,No permitido cambios,null,null,null
150009,2019-02-22,2019-03-05,"prueba",false,No permitido cambios,null,null,null
150010,2019-02-25,2019-03-05,"prueba",false,No permitido cambios,null,null,null
150011,2019-03-08,2019-03-21,"prueba",false,No permitido cambios,null,null,null
150012,2019-02-25,2019-03-19,"prueba",false,No permitido cambios,null,null,null
150014,2019-03-08,2019-03-24,"prueba",false,No permitido cambios,null,null,null
150015,2019-03-14,2019-03-26,"prueba",false,No permitido cambios,null,null,null
150016,2019-03-13,2019-03-19,"prueba",false,No permitido cambios,null,null,null
150017,2019-03-12,2019-03-21,"prueba",false,No permitido cambios,null,null,null
150018,2019-03-14,2019-04-02,"prueba",false,No permitido cambios,null,null,null
150019,2019-03-14,2019-03-24,"prueba",false,No permitido cambios,null,null,null
150019,2019-12-16,2019-12-17,"atipico",false,No permitido cambios,null,null,null
150020,2019-03-14,2019-03-24,"prueba",false,No permitido cambios,null,null,null
150021,2019-03-15,2019-04-17,"PRUEBA",false,No permitido cambios,null,null,null
150022,2019-03-25,2019-04-14,"prueba",false,No permitido cambios,null,null,null
150024,2019-03-13,2019-03-20," prueba",false,No permitido cambios,null,null,null
150025,2019-03-20,2019-04-02,"prueba",false,No permitido cambios,null,null,null
150026,2019-03-21,2019-03-26,"PRUEBA",false,No permitido cambios,null,null,null
150026,2019-06-10,2019-06-10,"atipico",false,No permitido cambios,null,null,null
150027,2019-03-21,2019-03-26,"PRUEBA",false,No permitido cambios,null,null,null
150028,2019-03-25,2019-04-02,"prueba",false,No permitido cambios,null,null,null
150029,2019-03-26,2019-04-07,"prueba",false,No permitido cambios,null,null,null
150029,2021-04-01,2021-04-04,"Descalibrado",false,No permitido cambios,null,null,null
150030,2019-03-29,2019-04-11,"prueba",false,No permitido cambios,null,null,null
150030,2021-06-23,2021-06-23,"Problema Técnico",false,No permitido cambios,null,null,null
150031,2019-04-01,2019-04-30,"prueba",false,No permitido cambios,null,null,null
150032,2019-04-02,2019-04-30,"prueba",false,No permitido cambios,null,null,null
150034,2019-04-12,2019-04-30,"prueba",false,No permitido cambios,null,null,null
150035,2019-04-04,2019-04-11,"PRUEBA",false,No permitido cambios,null,null,null
150036,2019-04-12,2019-04-29,"prueba",false,No permitido cambios,null,null,null
150036,2021-05-31,2021-06-02,"Problema técnico",false,No permitido cambios,null,null,null
150037,2019-04-17,2019-04-25,"PRUEBA DIB6",false,No permitido cambios,null,null,null
150038,2019-04-16,2019-05-06,"PRUEBA DIB6",false,No permitido cambios,null,null,null
150039,2019-04-16,2019-05-31,"PRUEBA DIB6",false,No permitido cambios,null,null,null
150040,2019-04-17,2019-05-09,"PRUEBA DIB6",false,No permitido cambios,null,null,null
150041,2019-04-22,2019-05-19,"prueba",false,No permitido cambios,null,null,null
150042,2019-04-24,2019-05-06,"prueba",false,No permitido cambios,null,null,null
150044,2019-05-03,2019-05-19,"PRUEBA DIB6",false,No permitido cambios,null,null,null
150045,2019-04-30,2019-05-09,"PRUEBA DIB6",false,No permitido cambios,null,null,null
150047,2019-05-14,2019-05-22,"PRUEBA DIB6",false,No permitido cambios,null,null,null
150048,2019-05-06,2019-05-09,"PRUEBA DIB6",false,No permitido cambios,null,null,null
150049,2019-05-09,2019-05-19,"PRUEBA DIB6 ",false,No permitido cambios,null,null,null
150050,2019-05-08,2019-05-19,"prueba dib6",false,No permitido cambios,null,null,null
150051,2019-05-13,2019-05-21,"PRUEBA DIB6",false,No permitido cambios,null,null,null
150053,2019-05-10,2019-06-30,"prueba",false,No permitido cambios,null,null,null
150054,2019-05-14,2019-05-28,"PRUEBA DIB6",false,No permitido cambios,null,null,null
150055,2019-05-09,2019-05-14,"PRUEBA DIB6 ",false,No permitido cambios,null,null,null
150055,2022-03-08,2022-03-15,"Eq Desconectado",false,No permitido cambios,null,null,null
150056,2019-05-17,2019-05-22,"prueba",false,No permitido cambios,null,null,null
150056,2021-04-28,2021-05-05,"TV DAÑADO",false,No permitido cambios,null,null,null
150057,2019-05-16,2019-06-09,"PRUEBA DIB6",false,No permitido cambios,null,null,null
150058,2019-05-20,2019-06-02,"PRUEBA ",false,No permitido cambios,null,null,null
150059,2019-05-24,2019-06-19,"PRUEBA DIB6",false,No permitido cambios,null,null,null
150060,2019-05-23,2019-06-13,"PRUEBA DIB6",false,No permitido cambios,null,null,null
150061,2019-05-22,2019-06-02,"prueba dib 6",false,No permitido cambios,null,null,null
150062,2019-05-27,2019-06-11,"PRUEBA DIB6",false,No permitido cambios,null,null,null
150064,2019-06-06,2019-06-19,"PRUEBA DIB6",false,No permitido cambios,null,null,null
150065,2019-06-10,2019-06-13,"PRUEBA DIB6 ",false,No permitido cambios,null,null,null
150066,2019-06-11,2019-06-19,"PRUEBA DIB6 ",false,No permitido cambios,null,null,null
150067,2019-06-25,2019-07-16,"Prueba DIB6",false,No permitido cambios,null,null,null
150067,2019-11-15,2019-11-18,"atipico",false,No permitido cambios,null,null,null
150068,2019-06-15,2019-07-02,"Prueba DIB6",false,No permitido cambios,null,null,null
150069,2019-06-14,2019-07-11,"Prueba dib6",false,No permitido cambios,null,null,null
150070,2019-06-14,2019-07-03,"Prueba dib6",false,No permitido cambios,null,null,null
150070,2021-06-16,2021-06-18,"Problema técnico",false,No permitido cambios,null,null,null
150070,2021-06-25,2021-06-27,"Eq Desconectado",false,No permitido cambios,null,null,null
150071,2019-07-05,2019-07-18,"Prueba",false,No permitido cambios,null,null,null
150072,2019-07-16,2019-07-23,"PRUEBA DIB6",false,No permitido cambios,null,null,null
150073,2019-07-10,2019-07-23,"PRUEBA DIB6",false,No permitido cambios,null,null,null
150074,2019-08-08,2019-08-20,"prueba dib6",false,No permitido cambios,null,null,null
150075,2019-08-13,2019-08-28,"Prueba DIB6",false,No permitido cambios,null,null,null
150077,2019-08-13,2019-08-20,"Prueba DIB6",false,No permitido cambios,null,null,null
150078,2019-08-13,2019-08-20,"Prueba DIB6",false,No permitido cambios,null,null,null
150079,2019-08-14,2019-08-28,"Prueba dib6",false,No permitido cambios,null,null,null
150080,2019-08-15,2019-08-29,"Prueba dib6",false,No permitido cambios,null,null,null
150081,2019-08-15,2019-08-28,"Prueba dib6",false,No permitido cambios,null,null,null
150084,2019-09-16,2019-10-06,"PRUEBA DIB6",false,No permitido cambios,null,null,null
150085,2022-03-08,2022-03-10,"Eq desconectado",false,No permitido cambios,null,null,null
150086,2019-09-25,2019-10-31,"Prueba dib6",false,No permitido cambios,null,null,null
150087,2019-09-24,2019-09-29,"Prueba dib6",false,No permitido cambios,null,null,null
150088,2019-10-04,2019-10-31,"Prueba Dib6 ",false,No permitido cambios,null,null,null
150089,2019-09-27,2019-10-02,"Prueba Dib6",false,No permitido cambios,null,null,null
150090,2019-09-30,2019-10-10,"Prueba Dib6",false,No permitido cambios,null,null,null
150091,2019-10-07,2019-10-13,"prueba",false,No permitido cambios,null,null,null
150092,2019-10-09,2019-10-31,"PRUEBA DIB6",false,No permitido cambios,null,null,null
150093,2019-10-11,2019-10-29,"prueba",false,No permitido cambios,null,null,null
150093,2019-11-20,2019-11-21,"atipico",false,No permitido cambios,null,null,null
150094,2019-10-15,2019-10-30,"PRUEBA DIB6 ",false,No permitido cambios,null,null,null
150094,2019-12-02,2019-12-02,"CAMBIO DE CABLERA",false,No permitido cambios,null,null,null
150095,2019-10-15,2019-11-06,"PRUEBA DIB6 ",false,No permitido cambios,null,null,null
150096,2019-10-21,2020-01-26,"prueba dib6.",false,No permitido cambios,null,null,null
150097,2019-10-18,2019-11-07,"prueba",false,No permitido cambios,null,null,null
150097,2020-02-21,2020-02-21,"INSTALO CABLE",false,No permitido cambios,null,null,null
150098,2019-10-22,2019-11-06,"prueba",false,No permitido cambios,null,null,null
150099,2019-10-24,2019-11-06,"prueba",false,No permitido cambios,null,null,null
156004,2018-07-14,2018-07-16,"atipico",false,No permitido cambios,null,null,null
159004,2017-05-25,2017-05-25,"",false,No permitido cambios,null,null,null
159004,2017-05-31,2017-05-31,"",false,No permitido cambios,null,null,null
159004,2017-06-01,2017-06-01,"",false,No permitido cambios,null,null,null
159004,2017-09-21,2017-09-24,"atipico",false,No permitido cambios,null,null,null
160000,2019-11-13,2019-12-03,"Prueba Dib6",false,No permitido cambios,null,null,null
160000,2020-01-28,2020-01-28,"atipico",false,No permitido cambios,null,null,null
160001,2019-11-14,2019-12-05,"prueba dib6",false,No permitido cambios,null,null,null
160002,2019-11-18,2019-12-05,"prueba",false,No permitido cambios,null,null,null
160004,2019-11-29,2019-12-29,"Prueba dib6",false,No permitido cambios,null,null,null
160005,2019-12-12,2020-01-06,"prueba",false,No permitido cambios,null,null,null
160007,2020-01-02,2020-01-31,"prueba",false,No permitido cambios,null,null,null
160007,2020-02-01,2020-02-29,"prueba",false,No permitido cambios,null,null,null
160008,2020-01-02,2020-01-21,"prueba",false,No permitido cambios,null,null,null
160009,2020-01-10,2020-01-16,"prueba",false,No permitido cambios,null,null,null
160010,2020-01-14,2020-01-17,"prueba",false,No permitido cambios,null,null,null
160011,2020-01-14,2020-02-20,"prueba",false,No permitido cambios,null,null,null
160012,2020-01-15,2020-02-29,"prueba",false,No permitido cambios,null,null,null
160015,2020-01-24,2020-02-29,"prueba",false,No permitido cambios,null,null,null
160016,2020-01-31,2020-02-13,"prueba",false,No permitido cambios,null,null,null
160017,2020-02-11,2020-02-19,"Prueba",false,No permitido cambios,null,null,null
160019,2020-02-20,2020-03-03,"Prueba",false,No permitido cambios,null,null,null
160021,2020-03-04,2020-03-19,"prueba",false,No permitido cambios,null,null,null
160022,2020-03-05,2020-04-30,"prueba",false,No permitido cambios,null,null,null
160023,2020-03-12,2020-03-24,"prueba",false,No permitido cambios,null,null,null
160025,2020-03-12,2020-04-21,"prueba",false,No permitido cambios,null,null,null
160026,2020-03-18,2020-06-30,"prueba",false,No permitido cambios,null,null,null
160026,2021-05-19,2021-05-20,"cambio de cablera",false,No permitido cambios,null,null,null
160027,2020-03-20,2020-04-21,"Prueba",false,No permitido cambios,null,null,null
160028,2020-06-30,2020-07-31,"prueba",false,No permitido cambios,null,null,null
160029,2020-07-16,2020-07-23,"Prueba",false,No permitido cambios,null,null,null
160030,2020-07-22,2020-09-06,"prueba",false,No permitido cambios,null,null,null
160030,2020-09-14,2020-09-17,"Tv dañado",false,No permitido cambios,null,null,null
160031,2020-07-29,2020-08-07,"prueba",false,No permitido cambios,null,null,null
160032,2020-08-04,2020-08-13,"Instalación nueva",false,No permitido cambios,null,null,null
160032,2022-03-14,2022-03-16,"Desconectados",false,No permitido cambios,null,null,null
160033,2020-09-17,2020-09-28,"Instalación nueva",false,No permitido cambios,null,null,null
160033,2020-09-29,2020-10-28,"Instalación nueva",false,No permitido cambios,null,null,null
160034,2020-09-18,2020-09-28,"Instalación nueva",false,No permitido cambios,null,null,null
160034,2020-10-08,2020-10-23,"Instalación nueva",false,No permitido cambios,null,null,null
160035,2020-09-22,2020-09-30,"Instalación nueva",false,No permitido cambios,null,null,null
160036,2020-09-25,2020-10-01,"Instalación nueva",false,No permitido cambios,null,null,null
160038,2020-10-07,2020-10-22,"Instalación nueva",false,No permitido cambios,null,null,null
160040,2020-10-09,2020-10-20,"Instalacion nueva",false,No permitido cambios,null,null,null
160041,2020-10-13,2020-10-20,"instalacion nueva",false,No permitido cambios,null,null,null
160042,2020-10-15,2020-10-20,"Instalacion nueva",false,No permitido cambios,null,null,null
160044,2020-10-20,2020-10-27,"inst nueva",false,No permitido cambios,null,null,null
160045,2020-10-21,2020-10-26,"nueva",false,No permitido cambios,null,null,null
160046,2020-10-20,2020-10-30,"inst nueva",false,No permitido cambios,null,null,null
160047,2020-10-23,2020-11-11,"nueva",false,No permitido cambios,null,null,null
160048,2020-10-21,2020-10-26,"nueva",false,No permitido cambios,null,null,null
160049,2020-10-28,2020-11-20,"Instalacion Nueva",false,No permitido cambios,null,null,null
160050,2020-10-29,2020-11-02,"Instalacion Nueva",false,No permitido cambios,null,null,null
160051,2020-10-29,2020-11-02,"Instalacion Nueva",false,No permitido cambios,null,null,null
160052,2020-11-02,2020-11-20,"Instalacion nueva",false,No permitido cambios,null,null,null
160052,2022-08-11,2022-08-21,"Prueba",false,No permitido cambios,null,null,null
160053,2020-11-17,2020-11-30,"Instalación nueva",false,No permitido cambios,null,null,null
160055,2020-12-10,2020-12-21,"Prueba",false,No permitido cambios,null,null,null
160056,2020-12-18,2020-12-22,"prueba",false,No permitido cambios,null,null,null
160057,2020-12-18,2021-01-18,"prueba",false,No permitido cambios,null,null,null
160058,2020-12-21,2020-12-28,"Prueba",false,No permitido cambios,null,null,null
160059,2020-12-23,2020-12-28,"prueba",false,No permitido cambios,null,null,null
160060,2020-12-28,2021-01-18,"Prueba",false,No permitido cambios,null,null,null
160061,2020-12-30,2021-01-05,"prueba",false,No permitido cambios,null,null,null
160061,2021-04-28,2021-05-05,"TV DAÑADO",false,No permitido cambios,null,null,null
160062,2021-02-03,2021-03-03,"prueba",false,No permitido cambios,null,null,null
160063,2021-02-05,2021-02-10,"prueba",false,No permitido cambios,null,null,null
160064,2021-02-10,2021-02-18,"Prueba",false,No permitido cambios,null,null,null
160066,2021-02-12,2021-02-17,"prueba",false,No permitido cambios,null,null,null
160067,2021-02-17,2021-03-18,"prueba",false,No permitido cambios,null,null,null
160068,2021-02-25,2021-03-25,"prueba",false,No permitido cambios,null,null,null
160070,2021-03-11,2021-04-08,"prueba",false,No permitido cambios,null,null,null
160070,2021-06-23,2021-06-27,"TV Danado",false,No permitido cambios,null,null,null
160071,2021-03-12,2021-03-18,"Prueba",false,No permitido cambios,null,null,null
160072,2021-03-15,2021-03-18,"Prueba",false,No permitido cambios,null,null,null
160074,2021-03-26,2021-04-16,"prueba",false,No permitido cambios,null,null,null
160074,2021-07-19,2021-07-20,"Tv dañado",false,No permitido cambios,null,null,null
160075,2021-04-06,2021-04-16,"prueba",false,No permitido cambios,null,null,null
160075,2022-05-18,2022-05-25,"Eq. desconectados",false,No permitido cambios,null,null,null
160076,2021-04-20,2021-05-04,"Prueba",false,No permitido cambios,null,null,null
160077,2021-04-12,2021-05-05,"prueba",false,No permitido cambios,null,null,null
160077,2021-06-15,2021-06-16,"Problema técnico",false,No permitido cambios,null,null,null
160078,2021-04-08,2021-04-13,"prueba",false,No permitido cambios,null,null,null
160080,2021-04-16,2021-05-16,"prueba",false,No permitido cambios,null,null,null
160080,2022-03-22,2022-04-01,"Prueba",false,No permitido cambios,null,null,null
160082,2021-05-06,2021-06-06,"Prueba",false,No permitido cambios,null,null,null
160083,2021-05-05,2021-05-17,"Sale de Prueba",false,No permitido cambios,null,null,null
160084,2021-05-13,2021-05-28,"prueba",false,No permitido cambios,null,null,null
160085,2021-05-21,2021-06-05,"prueba",false,No permitido cambios,null,null,null
160086,2021-05-27,2021-06-03,"prueba",false,No permitido cambios,null,null,null
160087,2021-05-24,2021-06-02,"prueba",false,No permitido cambios,null,null,null
160088,2021-05-27,2021-06-07,"prueba",false,No permitido cambios,null,null,null
160089,2021-06-01,2021-06-22,"Prueba",false,No permitido cambios,null,null,null
160090,2021-06-02,2021-06-16,"Prueba",false,No permitido cambios,null,null,null
160091,2021-06-04,2021-06-23,"prueba",false,No permitido cambios,null,null,null
160091,2022-08-11,2022-08-21,"Prueba",false,No permitido cambios,null,null,null
160092,2021-06-05,2021-07-05,"prueba",false,No permitido cambios,null,null,null
160093,2021-06-17,2021-07-07,"prueba",false,No permitido cambios,null,null,null
160094,2021-06-22,2021-07-15,"Prueba",false,No permitido cambios,null,null,null
160096,2021-07-01,2021-07-11,"prueba",false,No permitido cambios,null,null,null
160097,2021-07-05,2021-07-14,"prueba",false,No permitido cambios,null,null,null
160098,2021-07-06,2021-08-06,"prueba",false,No permitido cambios,null,null,null
160099,2021-08-04,2021-09-01,"prueba",false,No permitido cambios,null,null,null
160482,2019-01-31,2019-02-28,"prueba",false,No permitido cambios,null,null,null
163096,2018-05-22,2018-05-22,"atipico",false,No permitido cambios,null,null,null
163096,2018-07-06,2018-07-08,"atipico",false,No permitido cambios,null,null,null
165063,2017-08-29,2017-08-29,"atipico",false,No permitido cambios,null,null,null
165063,2018-12-17,2018-12-18,"atipico",false,No permitido cambios,null,null,null
165063,2019-01-30,2019-02-01,"prueba",false,No permitido cambios,null,null,null
167053,2019-01-17,2019-01-18,"atípico",false,No permitido cambios,null,null,null
170000,2021-08-25,2021-09-07,"Hogar en periodo de prueba",false,No permitido cambios,null,null,null
170001,2021-08-27,2021-09-07,"Hogar en periodo de Prueba",false,No permitido cambios,null,null,null
170002,2021-08-31,2021-09-27,"Hogar en periodo de prueba",false,No permitido cambios,null,null,null
170003,2021-09-08,2021-09-16,"hogar en periodo de prueba",false,No permitido cambios,null,null,null
170004,2021-09-16,2021-10-05,"prueba",false,No permitido cambios,null,null,null
170006,2021-09-24,2021-10-11,"prueba",false,No permitido cambios,null,null,null
170008,2021-10-02,2021-10-09,"Prueba",false,No permitido cambios,null,null,null
170009,2021-09-29,2021-10-20,"prueba",false,No permitido cambios,null,null,null
170010,2021-09-30,2021-10-19,"",false,No permitido cambios,null,null,null
170011,2021-10-01,2021-10-13,"prueba",false,No permitido cambios,null,null,null
170012,2021-10-20,2021-11-01,"prueba",false,No permitido cambios,null,null,null
170013,2021-10-06,2021-10-14,"prueba",false,No permitido cambios,null,null,null
170014,2021-10-07,2021-10-13,"prueba",false,No permitido cambios,null,null,null
170015,2021-10-25,2021-11-23,"prueba",false,No permitido cambios,null,null,null
170016,2021-10-14,2021-11-14,"prueba",false,No permitido cambios,null,null,null
170017,2021-10-21,2021-10-28,"prueba",false,No permitido cambios,null,null,null
170018,2021-10-29,2021-11-02,"prueba",false,No permitido cambios,null,null,null
170019,2021-10-25,2021-10-28,"prueba",false,No permitido cambios,null,null,null
170020,2021-10-26,2021-11-02,"prueba",false,No permitido cambios,null,null,null
170022,2021-11-01,2021-11-09,"prueba",false,No permitido cambios,null,null,null
170023,2021-11-11,2021-11-22,"prueba",false,No permitido cambios,null,null,null
170023,2021-12-20,2022-01-02,"Desconectado",false,No permitido cambios,null,null,null
170024,2021-11-15,2021-12-11,"prueba",false,No permitido cambios,null,null,null
170026,2021-11-15,2021-11-18,"prueba",false,No permitido cambios,null,null,null
170027,2021-11-16,2021-12-09,"prueba",false,No permitido cambios,null,null,null
170028,2021-11-17,2021-11-23,"prueba",false,No permitido cambios,null,null,null
170030,2021-11-23,2021-12-01,"prueba",false,No permitido cambios,null,null,null
170031,2021-11-24,2021-12-10,"Prueba",false,No permitido cambios,null,null,null
170033,2021-11-18,2021-12-01,"prueba",false,No permitido cambios,null,null,null
170034,2021-11-19,2021-12-01,"prueba",false,No permitido cambios,null,null,null
170035,2021-11-26,2021-12-10,"prueba",false,No permitido cambios,null,null,null
170036,2021-11-26,2021-12-02,"prueba",false,No permitido cambios,null,null,null
170038,2021-11-30,2021-12-09,"prueba",false,No permitido cambios,null,null,null
170039,2021-11-27,2021-12-06,"prueba",false,No permitido cambios,null,null,null
170040,2021-11-30,2021-12-02,"prueba",false,No permitido cambios,null,null,null
170041,2021-11-30,2021-12-17,"prueba",false,No permitido cambios,null,null,null
170042,2021-12-02,2021-12-10,"Prueba",false,No permitido cambios,null,null,null
170043,2021-12-04,2021-12-23,"prueba",false,No permitido cambios,null,null,null
170044,2021-12-06,2021-12-16,"prueba",false,No permitido cambios,null,null,null
170045,2021-12-04,2021-12-15,"prueba",false,No permitido cambios,null,null,null
170047,2021-12-07,2021-12-13,"prueba",false,No permitido cambios,null,null,null
170048,2021-12-10,2022-01-10,"Prueba",false,No permitido cambios,null,null,null
170049,2021-12-10,2021-12-21,"Prueba",false,No permitido cambios,null,null,null
170050,2021-12-15,2021-12-23,"prueba",false,No permitido cambios,null,null,null
170051,2021-12-16,2022-01-15,"prueba",false,No permitido cambios,null,null,null
170052,2021-12-21,2022-01-21,"Prueba",false,No permitido cambios,null,null,null
170053,2021-12-11,2021-12-21,"prueba",false,No permitido cambios,null,null,null
170054,2021-12-18,2022-01-10,"Prueba",false,No permitido cambios,null,null,null
170055,2021-12-28,2022-01-06,"prueba",false,No permitido cambios,null,null,null
170056,2021-12-17,2021-12-28,"prueba",false,No permitido cambios,null,null,null
170057,2021-12-22,2022-01-06,"prueba",false,No permitido cambios,null,null,null
170058,2022-01-07,2022-01-24,"Prueba",false,No permitido cambios,null,null,null
170058,2022-04-29,2022-05-02,"EQ. Desconectado",false,No permitido cambios,null,null,null
170059,2022-01-12,2022-01-31,"prueba",false,No permitido cambios,null,null,null
170060,2022-01-08,2022-01-21,"Prueba",false,No permitido cambios,null,null,null
170061,2022-01-13,2022-02-01,"prueba",false,No permitido cambios,null,null,null
170062,2022-01-19,2022-02-04,"Hogar en período de prueba",false,No permitido cambios,null,null,null
170063,2022-01-20,2022-02-11,"Hogar en período de prueba",false,No permitido cambios,null,null,null
170064,2022-01-26,2022-01-31,"prueba",false,No permitido cambios,null,null,null
170065,2022-01-27,2022-02-03,"Prueba",false,No permitido cambios,null,null,null
170066,2022-01-27,2022-02-04,"PRUEBA",false,No permitido cambios,null,null,null
170067,2022-01-28,2022-02-11,"Prueba",false,No permitido cambios,null,null,null
170069,2022-02-05,2022-02-18,"Prueba",false,No permitido cambios,null,null,null
170071,2022-02-05,2022-02-23,"Prueba",false,No permitido cambios,null,null,null
170072,2022-02-09,2022-02-17,"Prueba",false,No permitido cambios,null,null,null
170073,2022-02-18,2022-03-11,"Prueba",false,No permitido cambios,null,null,null
170074,2022-02-12,2022-02-18,"Prueba",false,No permitido cambios,null,null,null
170075,2022-02-15,2022-02-18,"Prueba",false,No permitido cambios,null,null,null
170076,2022-02-16,2022-02-21,"Prueba",false,No permitido cambios,null,null,null
170077,2022-02-23,2022-03-21,"",false,No permitido cambios,null,null,null
170078,2022-03-04,2022-04-04,"Prueba",false,No permitido cambios,null,null,null
170079,2022-02-24,2022-03-11,"Prueba",false,No permitido cambios,null,null,null
170081,2022-03-05,2022-03-11,"prueba",false,No permitido cambios,null,null,null
170082,2022-03-05,2022-03-28,"prueba",false,No permitido cambios,null,null,null
170083,2022-03-10,2022-03-17,"prueba",false,No permitido cambios,null,null,null
170084,2022-03-14,2022-03-24,"prueba",false,No permitido cambios,null,null,null
170086,2022-03-15,2022-03-25,"prueba",false,No permitido cambios,null,null,null
170089,2022-03-24,2022-04-01,"Prueba",false,No permitido cambios,null,null,null
170090,2022-03-28,2022-04-20,"Prueba",false,No permitido cambios,null,null,null
170091,2022-03-25,2022-04-01,"Prueba",false,No permitido cambios,null,null,null
170092,2022-03-30,2022-04-30,"Prueba",false,No permitido cambios,null,null,null
170093,2022-03-26,2022-03-31,"Prueba",false,No permitido cambios,null,null,null
170094,2022-03-30,2022-04-07,"Prueba",false,No permitido cambios,null,null,null
170095,2022-04-01,2022-04-11,"prueba",false,No permitido cambios,null,null,null
170096,2022-04-02,2022-04-11,"prueba",false,No permitido cambios,null,null,null
170097,2022-04-07,2022-04-11,"prueba",false,No permitido cambios,null,null,null
170098,2022-04-08,2022-04-11,"prueba",false,No permitido cambios,null,null,null
170099,2022-04-12,2022-04-20,"Prueba",false,No permitido cambios,null,null,null
178029,2018-01-15,2018-01-15,"atipico",false,No permitido cambios,null,null,null
178029,2018-03-12,2018-03-12,"atipico",false,No permitido cambios,null,null,null
179057,2017-11-17,2017-11-17,"atipico",false,No permitido cambios,null,null,null
179057,2017-11-22,2017-11-22,"atipico",false,No permitido cambios,null,null,null
180000,2022-04-13,2022-05-13,"Prueba",false,No permitido cambios,null,null,null
180001,2022-04-13,2022-05-13,"Prueba",false,No permitido cambios,null,null,null
180002,2022-04-19,2022-04-30,"Prueba",false,No permitido cambios,null,null,null
180002,2022-08-11,2022-08-21,"Prueba",false,No permitido cambios,null,null,null
180003,2022-04-27,2022-05-13,"Prueba",false,No permitido cambios,null,null,null
180005,2022-04-23,2022-04-29,"prueba",false,No permitido cambios,null,null,null
180007,2022-05-09,2022-05-27,"prueba",false,No permitido cambios,null,null,null
180008,2022-04-27,2022-05-09,"PRUEBA",false,No permitido cambios,null,null,null
180010,2022-05-09,2022-05-27,"prueba",false,No permitido cambios,null,null,null
180011,2022-05-12,2022-05-19,"prueba",false,No permitido cambios,null,null,null
180012,2022-05-13,2022-06-13,"Prueba",false,No permitido cambios,null,null,null
180013,2022-05-14,2022-06-14,"prueba",false,No permitido cambios,null,null,null
180014,2022-05-20,2022-05-27,"prueba",false,No permitido cambios,null,null,null
180015,2022-05-25,2022-06-06,"prueba",false,No permitido cambios,null,null,null
180016,2022-05-24,2022-06-24,"prueba",false,No permitido cambios,null,null,null
180017,2022-06-11,2022-06-17,"Prueba",false,No permitido cambios,null,null,null
180018,2022-06-08,2022-06-17,"prueba",false,No permitido cambios,null,null,null
180019,2022-06-11,2022-07-11,"Prueba",false,No permitido cambios,null,null,null
180020,2022-06-10,2022-07-10,"Prueba",false,No permitido cambios,null,null,null
180021,2022-06-17,2022-06-23,"Prueba",false,No permitido cambios,null,null,null
180022,2022-06-17,2022-06-27,"Prueba",false,No permitido cambios,null,null,null
180023,2022-06-23,2022-06-30,"Prueba",false,No permitido cambios,null,null,null
180024,2022-06-24,2022-07-21,"Prueba",false,No permitido cambios,null,null,null
180025,2022-06-28,2022-07-08,"prueba",false,No permitido cambios,null,null,null
180026,2022-06-29,2022-07-27,"Prueba",false,No permitido cambios,null,null,null
180028,2022-07-02,2022-07-14,"Prueba",false,No permitido cambios,null,null,null
180030,2022-07-09,2022-08-11,"Prueba",false,No permitido cambios,null,null,null
180031,2022-07-12,2022-08-01,"prueba",false,No permitido cambios,null,null,null
180032,2022-07-18,2022-07-23,"prueba",false,No permitido cambios,null,null,null
180033,2022-07-18,2022-07-26,"prueba",false,No permitido cambios,null,null,null
180034,2022-07-26,2022-08-26,"prueba",false,No permitido cambios,null,null,null
180035,2022-07-22,2022-08-15,"prueba",false,No permitido cambios,null,null,null
180036,2022-07-27,2022-08-11,"prueba",false,No permitido cambios,null,null,null
180037,2022-07-28,2022-08-28,"prueba",false,No permitido cambios,null,null,null
180039,2022-08-05,2022-08-11,"prueba",false,No permitido cambios,null,null,null
180040,2022-08-10,2022-09-06,"Prueba",false,No permitido cambios,null,null,null
180042,2022-08-16,2022-09-19,"prueba",false,No permitido cambios,null,null,null
180044,2022-08-17,2022-09-19,"Prueba",false,No permitido cambios,null,null,null
180045,2022-08-25,2022-09-25,"Prueba",false,No permitido cambios,null,null,null
180046,2022-08-27,2022-09-07,"Prueba",false,No permitido cambios,null,null,null
180047,2022-08-26,2022-09-06,"Prueba",false,No permitido cambios,null,null,null
180050,2022-09-09,2022-09-15,"Prueba",false,No permitido cambios,null,null,null
180052,2022-09-13,2022-10-07,"Prueba",false,No permitido cambios,null,null,null
180053,2022-09-16,2022-09-23,"Prueba",false,No permitido cambios,null,null,null
180054,2022-09-14,2022-09-22,"prueba",false,No permitido cambios,null,null,null
180055,2022-09-15,2022-10-05,"Prueba",false,No permitido cambios,null,null,null
180056,2022-09-14,2022-10-14,"Prueba",false,No permitido cambios,null,null,null
180058,2022-09-28,2022-10-28,"prueba",false,No permitido cambios,null,null,null
180059,2022-09-29,2022-10-25,"prueba",false,No permitido cambios,null,null,null
180060,2022-09-27,2022-10-05,"prueba",false,No permitido cambios,null,null,null
180062,2022-10-04,2022-10-17,"prueba",false,No permitido cambios,null,null,null
180063,2022-10-04,2022-10-17,"prueba",false,No permitido cambios,null,null,null
180064,2022-10-05,2022-11-05,"prueba",false,No permitido cambios,null,null,null
180065,2022-10-06,2022-10-11,"prueba",false,No permitido cambios,null,null,null
180066,2022-10-05,2022-10-17,"prueba",false,No permitido cambios,null,null,null
180067,2022-10-18,2022-10-28,"prueba",false,No permitido cambios,null,null,null
180068,2022-10-08,2022-10-20,"Prueba",false,No permitido cambios,null,null,null
180069,2022-10-11,2022-11-16,"prueba",false,No permitido cambios,null,null,null
180070,2022-10-12,2022-10-20,"prueba",false,No permitido cambios,null,null,null
180071,2022-10-14,2022-10-20,"prueba",false,No permitido cambios,null,null,null
180072,2022-10-15,2022-10-25,"prueba",false,No permitido cambios,null,null,null
180073,2022-10-17,2022-11-09,"prueba",false,No permitido cambios,null,null,null
180074,2022-10-19,2022-10-25,"prueba",false,No permitido cambios,null,null,null
180075,2022-10-22,2022-11-15,"prueba",false,No permitido cambios,null,null,null
180076,2022-11-01,2022-11-08,"prueba",false,No permitido cambios,null,null,null
180077,2022-11-08,2022-11-17,"prueba",false,No permitido cambios,null,null,null
180078,2022-11-09,2022-12-09,"Prueba",false,No permitido cambios,null,null,null
180079,2022-11-11,2022-12-11,"prueba",false,No permitido cambios,null,null,null
180080,2022-11-01,2022-12-01,"prueba",false,No permitido cambios,null,null,null
180081,2022-11-01,2022-12-01,"prueba",false,No permitido cambios,null,null,null
180082,2022-11-16,2022-11-25,"prueba",false,No permitido cambios,null,null,null
180083,2022-12-09,2022-12-23,"Prueba",false,No permitido cambios,null,null,null
180084,2022-12-13,2022-12-28,"prueba",false,No permitido cambios,null,null,null
180085,2022-12-10,2022-12-28,"Prueba",false,No permitido cambios,null,null,null
180086,2022-12-15,2023-01-15,"Hogar en periodo de prueba",false,No permitido cambios,null,null,null
180087,2022-12-21,2023-01-21,"atipico",false,No permitido cambios,null,null,null
180089,2022-12-23,2023-01-22,"Hogar en periodo de prueba",false,No permitido cambios,null,null,null
180090,2022-12-23,2022-12-28,"Hogar en periodo de prueba",false,No permitido cambios,null,null,null
180091,2023-01-18,2023-02-15,"Hogar en periodo de prueba",false,No permitido cambios,null,null,null
180092,2023-01-20,2023-02-20,"Hogar en periodo de prueba",false,No permitido cambios,null,null,null
180093,2023-02-06,2023-02-15,"Hogar en periodo de prueba",false,No permitido cambios,null,null,null
180094,2023-02-07,2023-02-15,"Hogar en periodo de prueba",false,No permitido cambios,null,null,null
180095,2023-02-09,2023-02-15,"Hogar Periodo Prueba",false,No permitido cambios,null,null,null
180096,2023-02-09,2023-02-15,"Hogar Periodo Prueba",false,No permitido cambios,null,null,null
180097,2023-02-14,2023-02-27,"prueba",false,No permitido cambios,null,null,null
180098,2023-02-22,2023-02-27,"hogar en periodo de prueba",false,No permitido cambios,null,null,null
180099,2023-02-13,2023-02-27,"Hogar en periodo de prueba",false,No permitido cambios,null,null,null
184080,2018-05-29,2018-05-29,"atipico",false,No permitido cambios,null,null,null
184080,2018-07-16,2018-07-17,"atipico",false,No permitido cambios,null,null,null
184080,2018-08-02,2018-08-03,"atipico",false,No permitido cambios,null,null,null
184080,2018-08-06,2018-08-06,"atipico",false,No permitido cambios,null,null,null
184080,2018-08-16,2018-08-16,"atipico",false,No permitido cambios,null,null,null
184080,2019-01-21,2019-01-22,"atipico",false,No permitido cambios,null,null,null
190000,2023-02-25,2023-03-08,"Hogar en periodo de prueba",false,No permitido cambios,null,null,null
190001,2023-02-17,2023-03-14,"Prueba",false,No permitido cambios,null,null,null
190002,2023-02-17,2023-02-27,"Prueba",false,No permitido cambios,null,null,null
190003,2023-02-28,2023-03-08,"Hogar en periodo de prueba",false,No permitido cambios,null,null,null
190004,2023-03-03,2023-03-14,"Hogar en periodo de prueba",false,No permitido cambios,null,null,null
190005,2023-03-13,2023-04-04,"Hogar en periodo de prueba",false,No permitido cambios,null,null,null
190006,2023-03-09,2023-03-28,"prueba",false,No permitido cambios,null,null,null
190008,2023-03-09,2023-03-22,"prueba",false,No permitido cambios,null,null,null
190009,2023-03-15,2023-03-28,"hogar en periodo de prueba",false,No permitido cambios,null,null,null
190010,2023-03-23,2023-03-28,"hogar en periodo de prueba",false,No permitido cambios,null,null,null
190011,2023-03-22,2023-03-28,"hogar en periodo de prueba",false,No permitido cambios,null,null,null
190012,2023-03-21,2023-04-13,"hogar en prueba",false,No permitido cambios,null,null,null
190013,2023-03-20,2023-03-22,"Hogar en periodo de prueba",false,No permitido cambios,null,null,null
190014,2023-03-27,2023-04-25,"Hogar en Periodo de Prueba",false,No permitido cambios,null,null,null
190015,2023-03-31,2023-04-04,"Hogar en periodo de prueba",false,No permitido cambios,null,null,null
190017,2023-04-03,2023-04-13,"prueba",false,No permitido cambios,null,null,null
190018,2023-04-06,2023-05-05,"prueba",false,No permitido cambios,null,null,null
190019,2023-04-20,2023-05-05,"Hogar en periodo de prueba",false,No permitido cambios,null,null,null
190020,2023-04-21,2023-05-05,"prueba",false,No permitido cambios,null,null,null
190021,2023-04-25,2023-05-05,"Hogar en periodo de prueba",false,No permitido cambios,null,null,null
190022,2023-05-04,2023-05-31,"Hogar a prueba",false,No permitido cambios,null,null,null
190023,2023-05-08,2023-05-19,"hogar en prueba",false,No permitido cambios,null,null,null
190024,2023-05-09,2023-05-19,"Hogar en prueba",false,No permitido cambios,null,null,null
190025,2023-05-24,2023-05-31,"Hogar de la expansión de la muestra",false,No permitido cambios,null,null,null
190027,2023-05-26,2023-05-31,"Hogar en periodo de prueba",false,No permitido cambios,null,null,null
190031,2023-06-06,2023-07-06,"prueba",true,Listo para Cambio,null,null,null
193040,2019-08-07,2019-08-10,"atipico",false,No permitido cambios,null,null,null
200000,2023-04-21,2023-06-30,"Hogar de la expansión de la muestra",true,Listo para Cambio,null,null,null
200001,2023-04-18,2023-06-30,"prueba",true,Listo para Cambio,null,null,null
200002,2023-04-19,2023-06-30,"prueba",true,Listo para Cambio,null,null,null
200003,2023-04-20,2023-06-30,"Hogar en periodo de prueba",true,Listo para Cambio,null,null,null
200005,2023-04-20,2023-06-30,"Hogar en periodo de prueba",true,Listo para Cambio,null,null,null
200006,2023-04-20,2023-06-30,"Hogar en periodo de prueba",true,Listo para Cambio,null,null,null
200007,2023-04-20,2023-06-30,"Hogar en periodo de prueba",true,Listo para Cambio,null,null,null
200008,2023-04-20,2023-06-30,"Hogar en periodo de prueba",true,Listo para Cambio,null,null,null
200009,2023-04-20,2023-06-30,"Hogar en periodo de prueba",true,Listo para Cambio,null,null,null
200011,2023-04-21,2023-06-30,"Hogar de la expansión de la muestra",true,Listo para Cambio,null,null,null
200012,2023-04-20,2023-06-30,"Hogar en periodo de prueba",true,Listo para Cambio,null,null,null
200013,2023-04-24,2023-06-30,"Hogar de la expansión de la muestra",true,Listo para Cambio,null,null,null
200014,2023-04-21,2023-06-30,"Hogar de la expansión de la muestra",true,Listo para Cambio,null,null,null
200015,2023-04-21,2023-06-30,"Hogar de la expansión de la muestra",true,Listo para Cambio,null,null,null
200016,2023-04-24,2023-06-30,"Hogar de la expansión de la muestra",true,Listo para Cambio,null,null,null
200017,2023-04-21,2023-06-30,"Hogar de la expansión de la muestra",true,Listo para Cambio,null,null,null
200018,2023-04-24,2023-06-30,"Hogar de la expansión de la muestra",true,Listo para Cambio,null,null,null
200019,2023-04-24,2023-06-30,"Hogar de la expansión de la muestra",true,Listo para Cambio,null,null,null
200020,2023-04-21,2023-06-30,"Hogar de la expansión de la muestra",true,Listo para Cambio,null,null,null
200021,2023-04-24,2023-06-30,"Hogar de la expansión de la muestra",true,Listo para Cambio,null,null,null
200022,2023-04-24,2023-06-30,"Hogar de la expansión de la muestra",true,Listo para Cambio,null,null,null
200023,2023-04-24,2023-06-30,"Hogar de la expansión de la muestra",true,Listo para Cambio,null,null,null
200024,2023-04-24,2023-06-30,"Hogar de la expansión de la muestra",true,Listo para Cambio,null,null,null
200025,2023-04-24,2023-06-30,"Hogar de la expansión de la muestra",true,Listo para Cambio,null,null,null
200026,2023-04-25,2023-06-30,"Hogar de la expansión de la muestra",true,Listo para Cambio,null,null,null
200027,2023-04-25,2023-06-30,"Hogar de la expansión de la muestra",true,Listo para Cambio,null,null,null
200028,2023-04-26,2023-06-30,"Hogar de la expansión de la muestra",true,Listo para Cambio,null,null,null
200030,2023-04-26,2023-06-30,"Hogar de la expansión de la muestra",true,Listo para Cambio,null,null,null
200031,2023-04-26,2023-06-30,"Hogar de la expansión de la muestra",true,Listo para Cambio,null,null,null
200032,2023-04-26,2023-06-30,"Hogar de la expansión de la muestra",true,Listo para Cambio,null,null,null
200033,2023-05-02,2023-06-30,"Hogar de la expansión de la muestra",true,Listo para Cambio,null,null,null
200034,2023-05-02,2023-06-30,"Hogar de la expansión de la muestra",true,Listo para Cambio,null,null,null
200035,2023-05-02,2023-06-30,"Hogar de la expansión de la muestra",true,Listo para Cambio,null,null,null
200036,2023-05-02,2023-06-30,"Hogar de la expansión de la muestra",true,Listo para Cambio,null,null,null
200037,2023-05-02,2023-06-30,"Hogar de la expansión de la muestra",true,Listo para Cambio,null,null,null
200038,2023-04-27,2023-06-30,"Hogar de la expansión de la muestra",true,Listo para Cambio,null,null,null
200040,2023-04-27,2023-06-30,"Hogar de la expansión de la muestra",true,Listo para Cambio,null,null,null
200041,2023-04-27,2023-06-30,"Hogar de la expansión de la muestra",true,Listo para Cambio,null,null,null
200042,2023-04-27,2023-06-30,"Hogar de la expansión de la muestra",true,Listo para Cambio,null,null,null
200043,2023-04-27,2023-06-30,"Hogar de la expansión de la muestra",true,Listo para Cambio,null,null,null
200044,2023-05-04,2023-06-30,"Hogar de la expansión de la muestra",true,Listo para Cambio,null,null,null
200045,2023-04-27,2023-06-30,"Hogar de la expansión de la muestra",true,Listo para Cambio,null,null,null
200046,2023-04-27,2023-06-30,"Hogar de la expansión de la muestra",true,Listo para Cambio,null,null,null
200047,2023-04-27,2023-06-30,"Hogar de la expansión de la muestra",true,Listo para Cambio,null,null,null
200048,2023-05-02,2023-06-30,"Hogar de la expansión de la muestra",true,Listo para Cambio,null,null,null
200049,2023-04-27,2023-06-30,"Hogar de la expansión de la muestra",true,Listo para Cambio,null,null,null
200050,2023-05-02,2023-06-30,"Hogar de la expansión de la muestra",true,Listo para Cambio,null,null,null
200051,2023-05-02,2023-06-30,"Hogar de la expansión de la muestra",true,Listo para Cambio,null,null,null
200052,2023-05-03,2023-06-30,"Hogar de la expansión de la muestra",true,Listo para Cambio,null,null,null
200054,2023-05-08,2023-06-30,"hogar en la expansion de la amuestra",true,Listo para Cambio,null,null,null
200055,2023-05-08,2023-06-30,"hogar en la expansion de la amuestra",true,Listo para Cambio,null,null,null
200056,2023-05-11,2023-06-30,"Hogar de la expansión de la muestra",true,Listo para Cambio,null,null,null
200057,2023-05-12,2023-06-30,"Hogar de la expansión de la muestra",true,Listo para Cambio,null,null,null
200058,2023-05-12,2023-06-30,"Hogar de la expansión de la muestra",true,Listo para Cambio,null,null,null
200059,2023-05-12,2023-06-30,"Hogar de la expansión de la muestra",true,Listo para Cambio,null,null,null
200060,2023-05-09,2023-06-30,"hogar de la expansion de la amuestra",true,Listo para Cambio,null,null,null
200061,2023-05-10,2023-06-30,"Hogar de la expsansion de la amuestra",true,Listo para Cambio,null,null,null
200062,2023-05-12,2023-06-30,"Hogar de la expansión de la muestra",true,Listo para Cambio,null,null,null
200063,2023-05-12,2023-06-30,"Hogar de la expansión de la muestra",true,Listo para Cambio,null,null,null
200064,2023-05-12,2023-06-30,"Hogar de la expansión de la muestra",true,Listo para Cambio,null,null,null
200065,2023-05-12,2023-06-30,"Hogar de la expansión de la muestra",true,Listo para Cambio,null,null,null
200066,2023-05-18,2023-06-30,"Hogar de la expansión de la muestra",true,Listo para Cambio,null,null,null
200067,2023-05-18,2023-06-30,"Hogar de la expansión de la muestra",true,Listo para Cambio,null,null,null
200068,2023-05-19,2023-06-30,"Hogar de la expansión de la muestra",true,Listo para Cambio,null,null,null
200069,2023-05-19,2023-06-30,"Hogar de la expansión de la muestra",true,Listo para Cambio,null,null,null
200070,2023-05-22,2023-06-30,"Hogar de la expansión de la muestra",true,Listo para Cambio,null,null,null
200071,2023-05-22,2023-06-30,"Hogar de la expansión de la muestra",true,Listo para Cambio,null,null,null
200072,2023-05-22,2023-06-30,"Hogar de la expansión de la muestra",true,Listo para Cambio,null,null,null
200073,2023-05-22,2023-06-30,"Hogar de la expansión de la muestra",true,Listo para Cambio,null,null,null
200074,2023-05-22,2023-06-30,"Hogar de la expansión de la muestra",true,Listo para Cambio,null,null,null
200075,2023-05-22,2023-06-30,"Hogar de la expansión de la muestra",true,Listo para Cambio,null,null,null
200076,2023-05-22,2023-06-30,"Hogar de la expansión de la muestra",true,Listo para Cambio,null,null,null
200077,2023-05-24,2023-06-30,"Hogar de la expansión de la muestra",true,Listo para Cambio,null,null,null
200078,2023-05-23,2023-06-30,"Hogar de la expansión de la muestra",true,Listo para Cambio,null,null,null
200079,2023-05-26,2023-06-30,"Hogar de la expansion de la muestra",true,Listo para Cambio,null,null,null
200080,2023-05-26,2023-06-30,"Hogar de la expansion de la muestra",true,En Aprobacion,Eduardo.Fernando,24,Cambio en fecha
200081,2023-05-30,2023-06-30,"Hogar de la expansión de la muestra",true,Listo para Cambio,null,null,null
206058,2017-03-31,2017-04-01,"Prueba",false,No permitido cambios,null,null,null
207066,2017-08-29,2017-08-29,"atipico",false,No permitido cambios,null,null,null
207066,2017-10-03,2017-10-08,"atipico",false,No permitido cambios,null,null,null
207066,2019-01-07,2019-01-07,"atipico",false,No permitido cambios,null,null,null
260360,2019-01-31,2019-02-28,"prueba",false,No permitido cambios,null,null,null
685046,2018-01-24,2018-01-24,"atipico",false,No permitido cambios,null,null,null
697075,2017-11-08,2017-12-31,"prueba",false,No permitido cambios,null,null,null
697094,2018-02-02,2018-02-04,"atipico",false,No permitido cambios,null,null,null
700073,2017-08-22,2017-08-23,"atipico",false,No permitido cambios,null,null,null
706070,2017-07-07,2017-07-09,"atipico",false,No permitido cambios,null,null,null
734112,2017-11-08,2017-12-31,"prueba",false,No permitido cambios,null,null,null
753072,2017-08-02,2017-08-02,"atipico",false,No permitido cambios,null,null,null
780078,2017-07-18,2017-07-18,"atipico",false,No permitido cambios,null,null,null
780078,2017-07-21,2017-07-21,"atipico",false,No permitido cambios,null,null,null
780078,2018-01-15,2018-01-15,"atipico",false,No permitido cambios,null,null,null
794006,2018-03-05,2018-03-05,"atipico",false,No permitido cambios,null,null,null
794006,2018-04-16,2018-04-16,"atipico",false,No permitido cambios,null,null,null
802135,2018-03-06,2018-03-06,"atipico",false,No permitido cambios,null,null,null
813035,2017-07-29,2017-07-29,"atipico",false,No permitido cambios,null,null,null
813035,2017-08-02,2017-08-02,"atipico",false,No permitido cambios,null,null,null
813035,2017-08-22,2017-08-23,"atipico",false,No permitido cambios,null,null,null
813035,2018-04-17,2018-04-17,"atipico",false,No permitido cambios,null,null,null
813035,2018-05-21,2018-05-21,"atipico",false,No permitido cambios,null,null,null
813035,2018-06-06,2018-06-08,"atipico",false,No permitido cambios,null,null,null
825031,2017-07-13,2017-07-13,"atipico",false,No permitido cambios,null,null,null
825031,2018-05-21,2018-05-21,"atipico",false,No permitido cambios,null,null,null
825031,2018-06-18,2018-06-19,"atípico",false,No permitido cambios,null,null,null
851085,2018-01-18,2018-01-18,"atipico",false,No permitido cambios,null,null,null
857077,2017-08-30,2017-08-30,"atipico",false,No permitido cambios,null,null,null
879072,2017-08-22,2017-08-23,"atipico",false,No permitido cambios,null,null,null
879072,2017-10-11,2017-10-15,"atipico",false,No permitido cambios,null,null,null
879072,2018-01-12,2018-01-14,"atipico",false,No permitido cambios,null,null,null
883092,2018-01-22,2018-01-22,"atipico",false,No permitido cambios,null,null,null
901070,2018-04-12,2018-04-12,"atipico",false,No permitido cambios,null,null,null
964061,2017-03-10,2017-03-12,"descalibrado",false,No permitido cambios,null,null,null
964061,2017-03-14,2017-03-14,"100% PC",false,No permitido cambios,null,null,null
964061,2017-08-28,2017-08-28,"atipico",false,No permitido cambios,null,null,null
964061,2017-09-15,2017-09-17,"atipico",false,No permitido cambios,null,null,null
964061,2018-05-22,2018-05-22,"atipico",false,No permitido cambios,null,null,null
969023,2018-06-06,2018-06-07,"atipico",false,No permitido cambios,null,null,null
969023,2018-06-11,2018-06-12,"atipico",false,No permitido cambios,null,null,null
969023,2018-10-12,2018-10-15,"atipico",false,No permitido cambios,null,null,null
969061,2017-06-06,2017-06-07,"atipico",false,No permitido cambios,null,null,null
969067,2018-08-06,2018-08-07,"atipico",false,No permitido cambios,null,null,null
969067,2018-08-08,2018-08-08,"atipico",false,No permitido cambios,null,null,null
969067,2018-10-12,2018-10-15,"atipico",false,No permitido cambios,null,null,null
972078,2018-01-10,2018-01-10,"atipico",false,No permitido cambios,null,null,null
972078,2018-01-11,2018-01-11,"atipico",false,No permitido cambios,null,null,null
977029,2019-01-15,2019-01-15,"atipico",false,No permitido cambios,null,null,null
986111,2017-10-06,2017-10-10,"atipico",false,No permitido cambios,null,null,null
986111,2018-01-18,2018-01-18,"atipico",false,No permitido cambios,null,null,null
986111,2018-12-06,2018-12-06,"atipico",false,No permitido cambios,null,null,null
991070,2018-01-04,2018-01-04,"prueba",false,No permitido cambios,null,null,null
991070,2019-02-27,2019-02-27,"atipico",false,No permitido cambios,null,null,null
991070,2019-02-28,2019-02-28,"atipico",false,No permitido cambios,null,null,null
